temperature,humidite_air,humidite_sol,type_sol,culture,N,K,P,engrais,zone,ph_sol,pluie,source,culture_enc,engrais_enc,type_sol_enc,zone_enc
26.0,52.0,38.0,Sableux,Mais,37.0,0.0,0.0,Uree,soudanienne,7.303170733713543,100.14111809877706,reel,2,2,2,1
29.0,52.0,45.0,Limoneux,Sorgho,12.0,0.0,36.0,DAP,soudanienne,6.445076917185776,76.74306990006534,reel,4,0,1,1
34.0,65.0,62.0,Argileux,Coton,7.0,9.0,30.0,DAP,soudanienne,5.6935556583321,107.87491176480553,reel,1,0,0,1
32.0,62.0,34.0,Argileux,Mil,22.0,0.0,20.0,NPK_15_15_15,soudanienne,5.53024505424613,76.02119974316079,reel,3,1,0,1
28.0,54.0,46.0,Argileux,Sorgho,35.0,0.0,0.0,Uree,sahelienne,6.220392373654362,71.98158549873466,reel,4,2,0,0
26.0,52.0,35.0,Sableux,Mil,12.0,10.0,13.0,NPK_15_15_15,soudanienne,5.523055683968067,92.78930834440263,reel,3,1,2,1
25.0,50.0,64.0,Argileux,Coton,9.0,0.0,10.0,NPK_15_15_15,soudanienne,6.0751815527592585,55.19660673423816,reel,1,1,0,1
33.0,64.0,50.0,Limoneux,Sorgho,41.0,0.0,0.0,Uree,soudanienne,6.548751850528347,36.00997999335709,reel,4,2,1,1
30.0,60.0,42.0,Sableux,Mil,21.0,0.0,18.0,NPK_15_15_15,soudanienne,5.803539413279886,111.3211796360587,reel,3,1,2,1
29.0,58.0,33.0,Argileux,Arachide,9.0,7.0,30.0,DAP,sahelienne,5.760694394578866,168.5530872300602,reel,0,0,0,0
27.0,54.0,28.0,Argileux,Arachide,13.0,0.0,40.0,DAP,soudanienne,7.741093589296842,30.56563554517846,reel,0,0,0,1
31.0,62.0,48.0,Sableux,Mais,14.0,15.0,12.0,NPK_15_15_15,sahelienne,6.963675072557223,6.54686812084373,reel,2,1,2,0
25.0,50.0,65.0,Limoneux,Coton,36.0,0.0,0.0,Uree,sahelienne,7.836139216906954,49.36234903080723,reel,1,2,1,0
32.0,62.0,41.0,Argileux,Sorgho,24.0,0.0,22.0,NPK_15_15_15,sahelienne,6.364565409464198,195.94412869076217,reel,4,1,0,0
26.0,52.0,31.0,Argileux,Arachide,14.0,0.0,41.0,DAP,soudanienne,7.192862343322908,165.75161474866786,reel,0,0,0,1
31.0,62.0,49.0,Argileux,Sorgho,10.0,13.0,14.0,NPK_15_15_15,soudanienne,6.011729186554476,119.17321070571931,reel,4,1,0,1
33.0,64.0,34.0,Argileux,Arachide,38.0,0.0,0.0,Uree,sahelienne,7.045850793199853,185.8497830486272,reel,0,2,0,0
25.0,50.0,39.0,Sableux,Mil,21.0,0.0,19.0,NPK_15_15_15,soudanienne,5.823964325024961,89.05582336744892,reel,3,1,2,1
28.0,54.0,65.0,Argileux,Coton,39.0,0.0,0.0,Uree,sahelienne,5.505201597940714,196.6561205150348,reel,1,2,0,0
29.0,58.0,52.0,Limoneux,Sorgho,13.0,0.0,36.0,DAP,soudanienne,7.828829503523948,59.26040902385681,reel,4,0,1,1
30.0,60.0,44.0,Sableux,Mil,10.0,0.0,9.0,NPK_15_15_15,soudanienne,6.887235940438023,48.06114990318782,reel,3,1,2,1
34.0,65.0,53.0,Limoneux,Sorgho,12.0,14.0,12.0,NPK_15_15_15,soudanienne,7.817351656955099,127.6096402294022,reel,4,1,1,1
35.0,68.0,33.0,Argileux,Mil,11.0,0.0,37.0,DAP,sahelienne,6.33457880925518,75.63079359007207,reel,3,0,0,0
28.0,54.0,37.0,Argileux,Mil,36.0,0.0,0.0,Uree,soudanienne,6.319465172904392,125.27310839525157,reel,3,2,0,1
33.0,64.0,39.0,Argileux,Sorgho,13.0,0.0,10.0,NPK_15_15_15,soudanienne,6.50163750443258,60.99910366053716,reel,4,1,0,1
26.0,52.0,44.0,Sableux,Mais,23.0,0.0,20.0,NPK_15_15_15,soudanienne,7.26510245989542,123.58365136759821,reel,2,1,2,1
30.0,60.0,63.0,Argileux,Coton,9.0,9.0,29.0,DAP,sahelienne,6.914521585465436,55.14925211700727,reel,1,0,0,0
32.0,62.0,30.0,Limoneux,Sorgho,38.0,0.0,0.0,Uree,sahelienne,7.813387267747794,10.194413763777987,reel,4,2,1,0
37.0,70.0,32.0,Argileux,Arachide,12.0,0.0,39.0,DAP,soudanienne,5.563602252831099,182.42718038463667,reel,0,0,0,1
26.0,52.0,36.0,Argileux,Arachide,14.0,0.0,13.0,NPK_15_15_15,sahelienne,7.270489844931341,176.64104037469244,reel,0,1,0,0
29.0,58.0,40.0,Argileux,Arachide,24.0,0.0,23.0,NPK_15_15_15,sahelienne,6.325819223416386,194.1596298545344,reel,0,1,0,0
30.0,60.0,27.0,Limoneux,Sorgho,12.0,0.0,40.0,DAP,soudanienne,5.950584129546153,143.30543524428094,reel,4,0,1,1
34.0,65.0,38.0,Argileux,Sorgho,39.0,0.0,0.0,Uree,sahelienne,6.775989056300247,136.5442355470606,reel,4,2,0,0
36.0,68.0,38.0,Sableux,Mil,7.0,9.0,30.0,DAP,soudanienne,6.76265946044999,111.80061401496614,reel,3,0,2,1
26.0,52.0,48.0,Limoneux,Sorgho,23.0,0.0,19.0,NPK_15_15_15,sahelienne,5.842527571721071,25.188483270504534,reel,4,1,1,0
28.0,54.0,35.0,Argileux,Mil,41.0,0.0,0.0,Uree,soudanienne,6.004740140332225,37.84706218985401,reel,3,2,0,1
30.0,60.0,61.0,Limoneux,Coton,8.0,10.0,31.0,DAP,soudanienne,6.5204116622538875,57.89393773450724,reel,1,0,1,1
37.0,70.0,37.0,Argileux,Sorgho,12.0,0.0,41.0,DAP,soudanienne,6.522028530980789,178.03127251467888,reel,4,0,0,1
25.0,50.0,26.0,Argileux,Arachide,15.0,14.0,11.0,NPK_15_15_15,soudanienne,6.293895349049212,34.593904920615024,reel,0,1,0,1
29.0,58.0,34.0,Sableux,Mil,15.0,0.0,37.0,DAP,sahelienne,5.871362878774953,184.57463489757814,reel,3,0,2,0
27.0,54.0,30.0,Argileux,Arachide,13.0,0.0,13.0,NPK_15_15_15,soudanienne,5.510934197752449,104.55714661028344,reel,0,1,0,1
30.0,60.0,58.0,Limoneux,Sorgho,10.0,7.0,32.0,DAP,soudanienne,7.925587656070052,143.11392709461444,reel,4,0,1,1
32.0,62.0,34.0,Argileux,Mil,22.0,0.0,24.0,NPK_15_15_15,sahelienne,7.858748074259817,22.048897336113306,reel,3,1,0,0
34.0,65.0,60.0,Argileux,Sorgho,35.0,0.0,0.0,Uree,soudanienne,6.709125947940338,53.80670975518218,reel,4,2,0,1
35.0,67.0,42.0,Sableux,Mil,10.0,0.0,35.0,DAP,sahelienne,7.987629383187514,191.70372163628525,reel,3,0,2,0
38.0,70.0,48.0,Limoneux,Sorgho,8.0,8.0,28.0,DAP,soudanienne,7.184135826955608,53.229989385946276,reel,4,0,1,1
26.0,52.0,32.0,Argileux,Arachide,12.0,0.0,8.0,NPK_15_15_15,sahelienne,5.672143844018854,59.30434407822922,reel,0,1,0,0
29.0,58.0,43.0,Argileux,Sorgho,24.0,0.0,18.0,NPK_15_15_15,soudanienne,5.794295497706568,39.5194769682159,reel,4,1,0,1
30.0,60.0,29.0,Argileux,Arachide,41.0,0.0,0.0,Uree,soudanienne,7.790277109674094,25.814733061365903,reel,0,2,0,1
33.0,64.0,51.0,Sableux,Mais,5.0,9.0,29.0,DAP,sahelienne,7.075130505374071,46.65152829079959,reel,2,0,2,0
34.0,65.0,31.0,Argileux,Mil,23.0,0.0,21.0,NPK_15_15_15,soudanienne,7.607959066643378,128.46537839015969,reel,3,1,0,1
36.0,68.0,33.0,Argileux,Arachide,13.0,0.0,14.0,NPK_15_15_15,sahelienne,7.74567412408461,91.07354670071271,reel,0,1,0,0
28.0,54.0,38.0,Argileux,Arachide,40.0,0.0,0.0,Uree,sahelienne,6.619855028205965,110.75116726757972,reel,0,2,0,0
30.0,60.0,47.0,Sableux,Mil,12.0,0.0,42.0,DAP,sahelienne,5.621314878941733,24.472965753204857,reel,3,0,2,0
31.0,62.0,63.0,Argileux,Coton,11.0,12.0,15.0,NPK_15_15_15,sahelienne,5.970700872243305,160.42328943258002,reel,1,1,0,0
27.0,53.0,43.0,Argileux,Mil,23.0,0.0,24.0,NPK_15_15_15,sahelienne,5.666429868256087,156.8189401159696,reel,3,1,0,0
34.0,65.0,54.0,Limoneux,Sorgho,38.0,0.0,0.0,Uree,soudanienne,5.971849614246269,4.317982228535078,reel,4,2,1,1
29.0,58.0,37.0,Sableux,Mil,8.0,0.0,15.0,NPK_15_15_15,soudanienne,6.526332316139692,76.70301890206099,reel,3,1,2,1
25.0,50.0,56.0,Limoneux,Sorgho,11.0,13.0,15.0,NPK_15_15_15,soudanienne,5.795492026287463,13.754120394229563,reel,4,1,1,1
32.0,62.0,34.0,Argileux,Arachide,15.0,0.0,37.0,DAP,sahelienne,5.916833119513358,158.42115588299163,reel,0,0,0,0
28.0,54.0,41.0,Argileux,Sorgho,36.0,0.0,0.0,Uree,soudanienne,6.6145544551791975,147.45393662514087,reel,4,2,0,1
30.0,60.0,49.0,Limoneux,Sorgho,13.0,0.0,9.0,NPK_15_15_15,soudanienne,6.350427375971224,180.3976188586312,reel,4,1,1,1
34.0,65.0,64.0,Argileux,Coton,24.0,0.0,20.0,NPK_15_15_15,sahelienne,6.669145310470102,47.28079179062292,reel,1,1,0,0
28.0,54.0,47.0,Sableux,Mil,5.0,18.0,15.0,DAP,soudanienne,6.572930069397655,91.25917662555977,reel,3,0,2,1
27.0,53.0,35.0,Argileux,Arachide,37.0,0.0,0.0,Uree,soudanienne,7.111195064949708,36.89757543287955,reel,0,2,0,1
36.0,68.0,62.0,Argileux,Coton,15.0,0.0,40.0,DAP,soudanienne,7.842973872189637,74.24698689482389,reel,1,0,0,1
34.0,65.0,57.0,Argileux,Sorgho,9.0,0.0,13.0,NPK_15_15_15,sahelienne,5.7696608461106065,104.4486503133768,reel,4,1,0,0
29.0,58.0,55.0,Limoneux,Sorgho,8.0,8.0,33.0,DAP,sahelienne,5.7481503732729875,10.666157967717794,reel,4,0,1,0
25.0,50.0,40.0,Argileux,Arachide,6.0,19.0,16.0,DAP,soudanienne,7.632015277727255,142.97408213547703,reel,0,0,0,1
30.0,60.0,38.0,Sableux,Mil,10.0,0.0,14.0,NPK_15_15_15,soudanienne,6.765991761631148,108.65867207421505,reel,3,1,2,1
26.0,52.0,39.0,Argileux,Arachide,21.0,0.0,23.0,NPK_15_15_15,sahelienne,7.416012558921105,165.79180344213466,reel,0,1,0,0
31.0,62.0,32.0,Argileux,Mil,39.0,0.0,0.0,Uree,sahelienne,6.038554759018203,54.35610023823945,reel,3,2,0,0
34.0,65.0,48.0,Limoneux,Sorgho,23.0,0.0,19.0,NPK_15_15_15,soudanienne,7.572156432918879,180.6642210538509,reel,4,1,1,1
27.0,53.0,34.0,Argileux,Arachide,42.0,0.0,0.0,Uree,soudanienne,7.809616560481739,199.73885060608868,reel,0,2,0,1
33.0,64.0,31.0,Argileux,Arachide,13.0,0.0,39.0,DAP,soudanienne,7.08870753886622,183.8596876755349,reel,0,0,0,1
29.0,58.0,42.0,Argileux,Sorgho,9.0,10.0,22.0,DAP,sahelienne,5.764697553684505,155.57849516663083,reel,4,0,0,0
30.0,60.0,47.0,Sableux,Mais,22.0,0.0,21.0,NPK_15_15_15,sahelienne,7.738237035390847,162.47376057475614,reel,2,1,2,0
27.0,53.0,59.0,Limoneux,Sorgho,10.0,0.0,15.0,NPK_15_15_15,sahelienne,7.481219318425178,114.74884850891729,reel,4,1,1,0
26.0,52.0,36.0,Argileux,Arachide,7.0,16.0,20.0,DAP,sahelienne,7.377194441286225,38.0307725825221,reel,0,0,0,0
34.0,65.0,63.0,Argileux,Coton,14.0,0.0,38.0,DAP,sahelienne,5.591820472264789,135.40813702954347,reel,1,0,0,0
28.0,54.0,43.0,Argileux,Sorgho,10.0,8.0,29.0,DAP,soudanienne,7.497406313142428,142.5506004119863,reel,4,0,0,1
30.0,60.0,40.0,Sableux,Mil,41.0,0.0,0.0,Uree,soudanienne,5.844877526170892,197.07702805358113,reel,3,2,2,1
29.0,58.0,65.0,Argileux,Coton,14.0,0.0,35.0,DAP,soudanienne,6.055965440492221,108.26026325126436,reel,1,0,0,1
26.0,52.0,59.0,Limoneux,Sorgho,11.0,0.0,9.0,NPK_15_15_15,sahelienne,6.942837087173144,54.27380300501128,reel,4,1,1,0
31.0,62.0,44.0,Sableux,Mil,21.0,0.0,28.0,NPK_15_15_15,sahelienne,6.162451932292208,136.73450434790135,reel,3,1,2,0
35.0,67.0,28.0,Argileux,Arachide,8.0,7.0,31.0,DAP,sahelienne,7.153370515779799,195.8751639332909,reel,0,0,0,0
29.0,58.0,30.0,Argileux,Mil,13.0,17.0,16.0,DAP,sahelienne,7.020176119247704,35.4427816538188,reel,3,0,0,0
27.0,53.0,30.0,Argileux,Mil,35.0,0.0,0.0,Uree,soudanienne,5.7703739950331565,65.19958370712054,reel,3,2,0,1
36.0,68.0,50.0,Limoneux,Sorgho,12.0,18.0,19.0,DAP,sahelienne,7.1400364489787655,108.37619075453621,reel,4,0,1,0
29.0,58.0,61.0,Limoneux,Coton,11.0,0.0,38.0,DAP,sahelienne,7.809887274562325,34.04292697640096,reel,1,0,1,0
30.0,60.0,26.0,Argileux,Arachide,8.0,9.0,30.0,DAP,sahelienne,5.902774762964583,4.444127903987671,reel,0,0,0,0
34.0,65.0,45.0,Argileux,Sorgho,6.0,19.0,21.0,DAP,sahelienne,6.992655052357218,67.39662448825013,reel,4,0,0,0
36.0,68.0,41.0,Argileux,Arachide,41.0,0.0,0.0,Uree,soudanienne,6.354663429841735,173.07416030021162,reel,0,2,0,1
28.0,54.0,25.0,Sableux,Mais,9.0,10.0,30.0,DAP,sahelienne,6.6490291794340095,8.693679864742965,reel,2,0,2,0
25.0,50.0,32.0,Argileux,Arachide,24.0,0.0,19.0,NPK_15_15_15,soudanienne,6.217500447697425,85.7858118033835,reel,0,1,0,1
30.0,60.0,27.0,Argileux,Mil,4.0,17.0,17.0,DAP,soudanienne,6.385326590869238,152.4401545852165,reel,3,0,0,1
38.0,72.0,51.0,Limoneux,Sorgho,39.0,0.0,0.0,Uree,sahelienne,5.572279558166393,190.63651938217706,reel,4,2,1,0
36.0,60.0,43.0,Sableux,Mil,15.0,0.0,41.0,DAP,sahelienne,7.953879344793052,197.09507980088645,reel,3,0,2,0
29.0,58.0,57.0,Argileux,Sorgho,12.0,0.0,10.0,NPK_15_15_15,soudanienne,7.061999805181871,84.39387612174833,reel,4,1,0,1
34.529826966266185,57.560758748403046,39.89091772646379,Argileux,Mais,39.26098906990999,0.0,1.036301660961108,Uree,soudanienne,5.6452090304204985,120.22300234864176,augmente,2,2,0,1
27.616741808261807,45.711979023348405,50.33087892226064,Argileux,Mil,37.31423488711072,0.0,0.0,Uree,soudanienne,6.228072850495105,27.898772130408368,augmente,3,2,0,1
26.202363877128235,56.01524665135515,42.93219090948996,Limoneux,Coton,41.01144472839744,0.0,0.10804512750067814,Uree,sahelienne,7.018862129753596,5.204127438822361,augmente,1,2,1,0
28.431818591461195,53.63806606244423,40.52887175960229,Sableux,Mil,37.279231150742184,1.5159037136746223,0.46565440201949154,Uree,sahelienne,6.737942275278176,72.74563216630257,augmente,3,2,2,0
30.783405058703053,62.406192962825834,43.464944929217346,Sableux,Mil,38.74096467426197,0.0,0.0,Uree,sahelienne,5.721231255129799,3.6181831128430453,augmente,3,2,2,0
27.739605352525896,53.09504526605157,43.13936981230984,Sableux,Mais,39.76138627408643,0.0,0.0,Uree,sahelienne,7.505492451885099,78.95095492804138,augmente,2,2,2,0
29.35374880200605,60.37757319326931,50.55276933409132,Limoneux,Mil,40.22621709758543,1.4900481905859178,0.0,Uree,sahelienne,6.327245062131623,24.878585737252976,augmente,3,2,1,0
30.013127401670374,63.574418596503094,48.96673558900599,Argileux,Sorgho,39.87175914228066,0.4744982149263532,0.0,Uree,soudanienne,6.90319299392374,98.75911927287815,augmente,4,2,0,1
24.612397206069097,57.632903157626664,45.10205114617422,Argileux,Mil,38.52089365494399,0.0,0.1468172424568037,Uree,soudanienne,6.525957307589074,45.75963309832449,augmente,3,2,0,1
31.115770603805274,65.56166645641983,43.50183064130858,Sableux,Mil,39.26954173118485,1.8530986446912445,0.41138699209004703,Uree,sahelienne,7.740228249808733,8.80415396221414,augmente,3,2,2,0
29.564564861849135,51.676126196347184,38.24707712892411,Sableux,Mil,38.898600649222935,0.417688435487823,0.008181530627937424,Uree,sahelienne,5.799663418334207,75.43277631300154,augmente,3,2,2,0
25.499627779917088,53.38409379965658,33.206125773103835,Argileux,Mil,36.65993097469666,2.2463339818548698,0.0,Uree,soudanienne,5.592217368386332,100.5358046457723,augmente,3,2,0,1
26.92576118853151,64.42062987012027,48.58190525340779,Limoneux,Mais,38.01612133657041,0.48247574773378,0.0,Uree,soudanienne,6.094093859980999,73.55662654385064,augmente,2,2,1,1
32.8352040012988,67.22930067039493,49.65415582171663,Argileux,Mais,36.77269030950846,0.12303191773531429,0.0,Uree,soudanienne,5.541469572319641,45.29915503958759,augmente,2,2,0,1
29.31745002357639,62.78008301554703,31.10599866382798,Argileux,Mil,36.702625056023,2.4798950480280633,0.0,Uree,soudanienne,7.54305550050304,105.93011567120129,augmente,3,2,0,1
27.777587743199533,61.80425883119256,52.68151942914844,Sableux,Mais,35.76208961407956,1.9051636097818243,2.07903490282318,Uree,sahelienne,5.710349912487622,71.88433508216634,augmente,2,2,2,0
31.565849140509822,52.792392718794545,47.74125358214328,Sableux,Mais,38.89309455494127,0.0,2.9852392178316105,Uree,sahelienne,7.28044805336884,26.031975852741418,augmente,2,2,2,0
30.63933197143815,51.902798218645096,35.15225257687889,Limoneux,Coton,39.130503741122524,1.5048569359392154,0.0,Uree,soudanienne,6.109974108447709,78.61954493335207,augmente,1,2,1,1
37.91174150459,61.844245558232565,34.399761605794524,Limoneux,Mil,38.387125291408175,2.325654523451707,0.0,Uree,sahelienne,6.20193090610214,51.63778367257343,augmente,3,2,1,0
32.422435793121274,63.93613800722091,38.93898937033846,Sableux,Coton,38.13938155949221,1.1845453087163818,0.0,Uree,sahelienne,6.292305012890694,44.544100996668014,augmente,1,2,2,0
26.99838546726008,60.509711087609375,46.89716755560834,Limoneux,Mil,36.76687923979171,0.24596016951284466,0.09313394951359984,Uree,soudanienne,7.24253935248817,71.89823024395103,augmente,3,2,1,1
32.69042682291865,65.8879478685085,42.01894209476719,Argileux,Coton,38.91364735080579,0.41153198556817094,0.038290903145339124,Uree,soudanienne,7.124909826944413,159.15853388722022,augmente,1,2,0,1
30.458566896588202,70.2585247432874,25.49691195096131,Limoneux,Mil,36.96746757412716,0.0,0.0,Uree,soudanienne,6.216353130320711,6.100049987809886,augmente,3,2,1,1
30.59042887155681,61.46517257487982,30.75338211117855,Sableux,Sorgho,36.75014520436413,0.0,2.4966082258126066,Uree,sahelienne,5.71336866248442,42.50837052545184,augmente,4,2,2,0
32.63539404062422,54.77906347759527,40.943285612794355,Argileux,Mais,34.705058951033294,0.2983269036310842,0.0,Uree,soudanienne,5.563376858538644,167.19602410244116,augmente,2,2,0,1
25.672735988863316,63.43701034330156,53.11635577203157,Limoneux,Sorgho,37.75979302639793,0.0,0.5084272518993898,Uree,soudanienne,6.199834742364857,147.5793833391537,augmente,4,2,1,1
28.22810885908352,60.938308838275766,48.781986677846376,Sableux,Sorgho,35.61877648292977,0.0,2.0270578386985965,Uree,sahelienne,6.685434572718313,39.32927000934659,augmente,4,2,2,0
33.96548854675295,58.08754432629529,37.85028636416929,Argileux,Mais,34.75958329952195,0.0,2.468908242974534,Uree,soudanienne,7.064649789285591,171.29796823766446,augmente,2,2,0,1
29.1387631077507,59.292797653984614,47.79040852101394,Sableux,Sorgho,38.72325316829145,0.0,0.11168333598403027,Uree,soudanienne,6.470424815516305,91.65057809830333,augmente,4,2,2,1
30.813737119513277,63.136151106067956,37.86029018483753,Limoneux,Mil,39.15731497279481,0.0,0.0,Uree,soudanienne,5.558179839339565,56.37095495467999,augmente,3,2,1,1
32.00597209512361,54.597354592219496,37.01724233777605,Argileux,Sorgho,39.988833426956575,0.49167923340257497,1.3005793901423361,Uree,soudanienne,7.3765368791021455,198.10102840013465,augmente,4,2,0,1
28.985636202368887,56.6951048724831,44.260429154603216,Sableux,Mil,37.154669645980704,1.8590997083948395,2.4845756413429214,Uree,soudanienne,7.756382266698917,165.29149322154834,augmente,3,2,2,1
31.90858932910191,54.65103053806706,60.396351721494426,Limoneux,Mais,38.94926806332698,0.0,0.15519354398834911,Uree,sahelienne,6.233026929245161,53.801476486163075,augmente,2,2,1,0
35.22873582689763,57.18742418497375,49.03916346029673,Sableux,Mais,37.10057375483139,0.0,0.0,Uree,sahelienne,5.792667541069014,60.92085053739778,augmente,2,2,2,0
30.882813022451803,51.513152371609216,29.549492835260125,Argileux,Mais,38.80618750537122,0.0,0.0,Uree,soudanienne,7.531998918143756,197.2002127645742,augmente,2,2,0,1
30.214382750670232,55.32795301417687,41.5297618508974,Sableux,Mais,34.68350043022201,2.512051648868276,0.0,Uree,sahelienne,5.79704479067018,51.93682416928509,augmente,2,2,2,0
29.093826239129235,59.84366497615795,42.06553189493927,Limoneux,Sorgho,38.16715270606224,0.6427387553583064,1.10423038673778,Uree,soudanienne,5.684491411838497,193.8605071238198,augmente,4,2,1,1
35.35771464699071,58.17462789023892,50.55950304363245,Sableux,Sorgho,37.58329921959229,2.975947210379088,1.9206584774614375,Uree,sahelienne,7.050331494503842,15.049692777900905,augmente,4,2,2,0
35.52744905893199,63.462129503968626,36.86985316261048,Limoneux,Mais,36.992204234843165,0.24063005836193221,0.5468095612434551,Uree,sahelienne,7.211827931384699,72.8741747595074,augmente,2,2,1,0
29.853527241617176,58.36055413663566,39.467114684816124,Argileux,Sorgho,39.704050194813426,2.3626538006874065,1.1203887253798706,Uree,soudanienne,7.526383326954582,30.083378220705637,augmente,4,2,0,1
28.534040296597595,58.753395985284634,42.36862128963758,Argileux,Mil,38.1567112347861,1.980506099157539,0.0,Uree,soudanienne,7.422468537951277,169.9294781354823,augmente,3,2,0,1
34.581640626725914,54.60284423801555,39.27635623271643,Sableux,Sorgho,35.891171996523724,0.8567868959603274,1.6967149025767487,Uree,soudanienne,7.178932988981999,154.46367834712785,augmente,4,2,2,1
32.971957406908885,61.94243060277585,54.017340104534725,Sableux,Mil,42.08653758585859,2.8085453479091274,0.0,Uree,sahelienne,7.260199420248059,10.909718046941581,augmente,3,2,2,0
29.84002834232903,59.72430980988837,22.821047798952264,Limoneux,Coton,35.2366796331622,2.3109420671708976,1.4177016963938451,Uree,sahelienne,7.459132531852857,49.76693601822988,augmente,1,2,1,0
30.13491017350321,48.42761288658178,41.16906251728219,Sableux,Mil,35.286343654121524,0.0,0.6145047183028917,Uree,sahelienne,7.083502135791814,6.0690662486931135,augmente,3,2,2,0
29.406067931516784,68.96540941294394,39.13978192735966,Sableux,Mil,36.3741392431845,0.78027723987727,1.1957888505788825,Uree,sahelienne,5.930799678004075,3.269489301318309,augmente,3,2,2,0
26.84327169612423,68.5152133661447,42.26535005620987,Sableux,Mil,38.1702777033759,0.0,0.0,Uree,soudanienne,5.598280349602748,125.58007789818156,augmente,3,2,2,1
31.86437071909024,56.00081371212703,31.13076795924088,Limoneux,Sorgho,39.90167398286961,0.0,0.0,Uree,soudanienne,6.711307462977553,73.78272791395449,augmente,4,2,1,1
33.390068099140386,58.09000811905615,33.53263814772758,Sableux,Sorgho,39.405231309104515,0.4980002472696578,4.92620929352838,Uree,sahelienne,6.831543166137558,21.539458475950475,augmente,4,2,2,0
29.236294285542495,59.814422841190314,49.98004213651162,Argileux,Mil,36.44638296956979,0.0,0.0,Uree,soudanienne,7.197755797861224,99.68843978581145,augmente,3,2,0,1
29.68956659972217,54.36508519128853,29.76687587694334,Limoneux,Coton,41.115278338085055,0.8622560698954539,0.0,Uree,soudanienne,7.114793103329003,71.21934517956925,augmente,1,2,1,1
28.4588447976994,56.82465819697705,38.31048408229867,Sableux,Mil,37.7106979258996,0.0,0.0,Uree,sahelienne,6.212737921734618,71.74123397011401,augmente,3,2,2,0
27.663408424255817,55.85389189082659,48.61238494932445,Limoneux,Sorgho,38.852237630728155,0.0,0.0,Uree,soudanienne,5.927218968475165,185.87519782551715,augmente,4,2,1,1
27.3964940919895,60.120978282886945,17.796418125357963,Sableux,Mil,40.049195279338726,0.0,0.0,Uree,sahelienne,6.106024331037701,48.849603395330604,augmente,3,2,2,0
30.361173814856173,54.440833467552736,38.565163895988476,Argileux,Mais,38.24425807375534,0.0,0.0,Uree,soudanienne,5.658437426181919,64.47076899494459,augmente,2,2,0,1
37.102885390240104,49.90820946312133,32.8531972203799,Limoneux,Mil,40.362305840293345,1.2346210388821381,0.0,Uree,soudanienne,7.823822860619565,193.0053821333025,augmente,3,2,1,1
30.946010756752734,60.40915420807417,38.32435934926965,Sableux,Mais,38.52006754171618,0.0,1.8684512986556918,Uree,sahelienne,6.0040683001193615,13.141263834479435,augmente,2,2,2,0
32.90428739965273,57.48120266345492,53.42171369550191,Argileux,Mais,34.37452033407911,0.5772454794774854,0.0,Uree,soudanienne,6.442361073562269,60.27557483282842,augmente,2,2,0,1
23.980822891287843,59.90106608380065,48.74876884177205,Argileux,Mil,38.954256062760514,0.0,1.3270489298935828,Uree,soudanienne,5.79224510177091,125.54161061428357,augmente,3,2,0,1
30.459077463222663,56.29915009480025,45.51372429123341,Sableux,Mil,39.28386750349766,1.9957232883707592,1.5454752127353444,Uree,sahelienne,6.279305169488871,59.51570340581416,augmente,3,2,2,0
28.786478110137665,57.38279975122344,33.327953696256714,Limoneux,Mais,39.228950629957005,0.5338593684591173,1.6600639108126387,Uree,sahelienne,7.493238414448884,18.340111618611317,augmente,2,2,1,0
31.020995992044142,53.45456901795625,37.43383953902257,Sableux,Sorgho,40.86737838196787,1.6137647197581377,0.0,Uree,soudanienne,7.771126403334071,80.17028335272798,augmente,4,2,2,1
30.5923221331895,59.27225977805926,48.35128071884904,Limoneux,Mil,38.869421437358874,0.0,3.9132031673869223,Uree,soudanienne,7.241627059692231,141.44772686267973,augmente,3,2,1,1
30.51004201702973,58.27777319933858,48.83874038779774,Sableux,Mil,35.940211471529494,3.018924979398779,0.294213363048252,Uree,soudanienne,5.783095114601888,167.77961728918683,augmente,3,2,2,1
34.54824725253246,57.940103109572384,38.19211672900313,Sableux,Sorgho,38.46430774685743,1.7507064295535177,0.0,Uree,sahelienne,7.507133621495028,26.679933735291534,augmente,4,2,2,0
27.915085807741214,51.24074214835755,39.65648741634567,Sableux,Sorgho,37.94834105887429,1.0050240215690711,2.032200874521145,Uree,sahelienne,6.631098790331734,14.110958920497865,augmente,4,2,2,0
33.409815159378496,57.387713061891944,32.201887963504035,Argileux,Sorgho,37.9464351939123,1.1139301837014695,2.9583297519125527,Uree,soudanienne,5.71337417019661,100.43900206624852,augmente,4,2,0,1
30.665250669230698,71.53022970670243,32.19678879722625,Argileux,Sorgho,36.949910365670554,1.0788487499948405,0.0,Uree,soudanienne,5.664271598570881,90.65776694960552,augmente,4,2,0,1
29.177953525944183,51.71527869024098,35.09905324694171,Limoneux,Mil,40.61478607007516,0.0,0.0,Uree,sahelienne,7.109998858097539,2.030908452827589,augmente,3,2,1,0
28.16978487006034,59.21920810981594,40.80571418508278,Argileux,Mil,38.20245137848841,0.04797381524345251,0.0,Uree,soudanienne,5.946361655135834,47.6365562093453,augmente,3,2,0,1
33.50237553557905,53.34159129014343,47.383256127841136,Argileux,Mil,39.64804077943964,0.7108212983776636,0.0,Uree,soudanienne,6.232869325652533,2.600384702147207,augmente,3,2,0,1
27.921212683035954,65.28220718701819,26.503074830271935,Argileux,Sorgho,35.347050567054445,2.82349909482035,0.0,Uree,soudanienne,6.170159102057191,81.88233043824809,augmente,4,2,0,1
31.35483091237032,58.53978276894495,51.67878713702429,Argileux,Mil,38.74485581171799,0.0,0.0,Uree,soudanienne,7.736380567235228,85.04270089384669,augmente,3,2,0,1
29.046020057856772,52.30843771666999,42.84312635500679,Sableux,Mil,42.25724402662778,1.0756116550620356,0.0,Uree,sahelienne,6.180768316298423,73.14390452483993,augmente,3,2,2,0
31.562359030892193,60.00277116685879,50.61575122500385,Argileux,Coton,39.10117668328125,0.0,1.64664901972103,Uree,soudanienne,7.001292151084133,35.07425572468992,augmente,1,2,0,1
30.788199436865852,51.5815000602389,47.07553594578785,Sableux,Mais,39.05666477350738,0.0,0.0,Uree,sahelienne,6.473239035104942,28.45381731719593,augmente,2,2,2,0
30.749434157120263,54.45107405776389,48.126910997468244,Sableux,Mil,36.64847351381267,4.211811303739825,0.7893086414094228,Uree,sahelienne,5.577957837653211,47.60623445602039,augmente,3,2,2,0
30.91239211667365,59.62323331391741,39.003236771412254,Limoneux,Mil,35.31131997596299,1.5793955202059364,0.0,Uree,soudanienne,6.738728290515496,86.96546772074925,augmente,3,2,1,1
25.791393157143634,55.104793738200975,39.77297477814903,Sableux,Sorgho,39.50613007489774,1.556087119402768,0.9948959395475143,Uree,sahelienne,7.793283938655607,76.0189883056642,augmente,4,2,2,0
31.97499068963213,65.13525347873806,51.31661169965684,Limoneux,Mil,40.286862384981056,0.19136907021931115,1.306717628341712,Uree,sahelienne,7.622989128913298,39.15399709145124,augmente,3,2,1,0
26.62046228037833,53.3416251028268,51.2367854663938,Sableux,Sorgho,39.13977505279178,0.33230029946097783,0.43452613951259755,Uree,soudanienne,7.810990488441326,188.85329782268678,augmente,4,2,2,1
31.642690243191794,53.533782861995284,53.2178900953821,Limoneux,Sorgho,37.52276444910813,1.418427860110487,0.0,Uree,sahelienne,7.311916928821904,25.223227026448825,augmente,4,2,1,0
32.74047674277122,59.13719816114852,51.34543732553251,Limoneux,Sorgho,40.22774368639449,0.0,0.4272804253908142,Uree,soudanienne,7.847669246282241,199.58682210666748,augmente,4,2,1,1
31.113931721976936,50.34871776716119,26.454670055753557,Sableux,Sorgho,37.44253903993404,0.0,1.4717240162362617,Uree,sahelienne,7.343955753972229,8.837929050511573,augmente,4,2,2,0
30.88892856157553,66.45161366939665,33.15528920830446,Argileux,Mil,36.549578058548654,0.0,0.0,Uree,soudanienne,6.045634719662661,157.2690028831104,augmente,3,2,0,1
34.8068989688935,50.905986007351984,42.60643751593605,Sableux,Mais,42.536329959622215,0.0,1.8673646630138176,Uree,sahelienne,5.941320080013771,14.915060971540361,augmente,2,2,2,0
31.55902009382888,55.97618745519903,47.533056707636085,Argileux,Sorgho,40.929887644135,0.0,0.0,Uree,soudanienne,6.059544037056558,118.58798696834063,augmente,4,2,0,1
33.28846636718006,54.48993897105563,42.87765759025785,Sableux,Mais,37.708688676078665,0.9340806018500651,0.869598564462947,Uree,sahelienne,6.5211330326767465,20.7803027008261,augmente,2,2,2,0
33.58447974114202,71.31603853909803,37.27559372455931,Sableux,Sorgho,37.428531339605755,0.35806072262223765,0.0,Uree,sahelienne,7.561702414812872,54.241292204725085,augmente,4,2,2,0
31.418531223791828,60.74799351779213,48.25644806180091,Limoneux,Mais,38.79725608621353,0.4888869126036135,1.492794628240909,Uree,soudanienne,7.59253332090918,136.02815435206008,augmente,2,2,1,1
27.919432195189657,60.56394311028352,38.487750249610635,Limoneux,Mil,38.061724568430904,0.23474189829331654,1.930414346413371,Uree,soudanienne,7.580335444894355,1.277174343366716,augmente,3,2,1,1
26.412825489711548,66.1757855513419,43.837433458032294,Argileux,Coton,38.408154228849384,0.1439298370028636,1.2052868305242388,Uree,soudanienne,5.767451597067396,108.25331573522206,augmente,1,2,0,1
30.7755763066,64.0759312544006,32.90708253896439,Argileux,Mais,39.461848634862086,0.298574597050173,0.0,Uree,soudanienne,5.668376503671929,69.17661139059135,augmente,2,2,0,1
24.47772586984896,62.37459330603273,51.47401801602592,Sableux,Sorgho,39.026835128125775,0.0,0.0,Uree,sahelienne,6.614756765941871,79.76996001261689,augmente,4,2,2,0
32.228377316406714,59.94184817812215,36.982889897156,Sableux,Mil,39.15855665161521,0.0,0.0,Uree,sahelienne,7.136278035702838,76.06908498003283,augmente,3,2,2,0
34.917154055807124,63.20040719808001,40.13391131783918,Sableux,Mais,38.156620083808846,1.0132280036857215,0.0,Uree,sahelienne,6.074886514727716,2.490726630760909,augmente,2,2,2,0
31.517599040296453,61.56576052561743,45.90054274856417,Sableux,Mil,38.21522387768799,1.7876733305410042,0.5483605542043266,Uree,soudanienne,7.402559977357497,26.248975536477516,augmente,3,2,2,1
30.086682504336732,60.59535174752103,35.279005357531844,Sableux,Mil,40.620416404915716,0.786247307231196,0.0,Uree,sahelienne,6.575764737248656,39.327563739314954,augmente,3,2,2,0
24.889326496294522,56.47395630696253,20.591046700945874,Limoneux,Coton,39.88232424302005,0.0,0.0,Uree,sahelienne,7.000051370298259,55.598550890123406,augmente,1,2,1,0
29.08798123606827,70.69377647159895,41.755327173388906,Argileux,Mil,38.319958776241286,0.0,0.0,Uree,soudanienne,7.25616242636026,1.9541694838367318,augmente,3,2,0,1
29.433165342148193,67.68305423447242,47.602782772931846,Sableux,Mil,37.917091219331866,0.0,0.0,Uree,sahelienne,7.501466747772707,13.39860658072558,augmente,3,2,2,0
32.15235279500516,55.840481066708364,51.55282171067934,Limoneux,Sorgho,41.63711922747107,0.5726811659068298,0.6292210422138841,Uree,sahelienne,7.537062784366281,71.58533248484221,augmente,4,2,1,0
30.786370027136563,55.48201432259895,37.68969022881893,Sableux,Mil,42.1127563534425,0.0,2.777542085064399,Uree,sahelienne,7.679458916480504,78.0692204655305,augmente,3,2,2,0
29.954296389972573,54.07815551265456,48.59418042567091,Limoneux,Mil,39.481341677005695,1.806919100063201,4.744016562753155,Uree,soudanienne,7.990834790141855,130.06513726938738,augmente,3,2,1,1
32.05559908746286,56.320116463397476,55.827292289056594,Limoneux,Mil,37.898665653645445,0.0,0.6387569961684468,Uree,sahelienne,6.364837481367408,79.01196509888463,augmente,3,2,1,0
35.258109284373226,50.592170406710245,36.90630011101118,Limoneux,Mais,35.54211093446616,3.202779364048217,0.0,Uree,soudanienne,6.980875821483405,42.132437801133314,augmente,2,2,1,1
30.96367524191888,55.98574207300308,36.03501603482475,Sableux,Sorgho,37.23350874448089,0.6332856534998546,0.7904482980523821,Uree,sahelienne,7.928487735104099,68.35080746956633,augmente,4,2,2,0
30.89171145537224,52.97042090635328,44.76810444578413,Argileux,Mais,38.08049072313527,1.6998424158001921,0.0,Uree,soudanienne,6.477703841629402,51.626686540225506,augmente,2,2,0,1
31.574911465086096,59.109986877392814,30.646555621384003,Limoneux,Mil,37.51869780857338,0.5544062107691453,0.0,Uree,soudanienne,6.342507941078216,86.17750473236119,augmente,3,2,1,1
33.68083371387416,64.77776019280537,41.165514354094604,Argileux,Mil,36.849024228065566,0.8330630728547345,1.3553264159760552,Uree,soudanienne,7.514175382375133,173.65425610265171,augmente,3,2,0,1
30.374019680550173,62.37716627487557,41.24312861972194,Sableux,Mil,38.23428312592752,0.0,1.164207269819168,Uree,soudanienne,6.290390262441877,8.31457181007842,augmente,3,2,2,1
33.29484150310899,48.26083711322138,67.84720380570917,Limoneux,Mil,38.61536958429698,0.7240558269141356,0.0,Uree,sahelienne,7.167160643865261,2.397887189814236,augmente,3,2,1,0
35.63440488590829,57.77732406102911,43.87094734144419,Argileux,Mais,39.47066002847105,0.0,0.0,Uree,soudanienne,7.231564880565411,188.92284389480466,augmente,2,2,0,1
30.417955864857305,59.71151431489715,45.91393856626309,Sableux,Sorgho,40.10330840309853,0.49219320872168293,0.0,Uree,sahelienne,7.191283464443116,52.71083761861257,augmente,4,2,2,0
31.156025434333245,60.32822203870718,45.6732551313012,Argileux,Sorgho,38.910370842813734,0.0,0.0,Uree,soudanienne,6.91754065246667,175.7031122602696,augmente,4,2,0,1
32.022266930861235,65.15262970308385,39.65062837846874,Argileux,Mil,40.25497890764038,0.9119204885462118,1.1543460380561188,Uree,soudanienne,5.800522638426521,1.151732099624314,augmente,3,2,0,1
24.14395287473654,55.54406936100272,30.293145135713367,Sableux,Mais,41.24423363467801,0.0,0.0,Uree,sahelienne,6.068174068157878,48.275887470510234,augmente,2,2,2,0
33.408549550901284,56.46430172626158,41.77883959872684,Sableux,Sorgho,34.30047020256708,0.0,0.09462739563587587,Uree,sahelienne,6.353119569065391,31.90582247175204,augmente,4,2,2,0
32.63816882008673,62.50813136318238,44.43290011911009,Argileux,Coton,40.86443275202382,0.9022545920837755,0.9516069466644576,Uree,soudanienne,6.108705741440748,12.05347805791217,augmente,1,2,0,1
27.44670656645783,63.56414205377448,36.5125171362341,Sableux,Mais,38.30277903572807,0.0,0.0,Uree,sahelienne,6.847903191688136,48.826702664873466,augmente,2,2,2,0
27.49170288827729,59.252236337534455,30.196760450623195,Limoneux,Mil,36.58869655947222,0.0,0.8800833584392831,Uree,sahelienne,7.272615654306081,45.38497757031229,augmente,3,2,1,0
30.407192225848224,61.078507226321236,43.181557119851234,Argileux,Mil,40.88817458743329,0.0,0.0,Uree,soudanienne,7.0040295503658285,176.84129266968156,augmente,3,2,0,1
28.26981786619173,55.14828472934962,49.842197121597735,Sableux,Mil,35.829720974165596,2.799322789099103,0.0,Uree,sahelienne,7.556535796284196,53.403991943317635,augmente,3,2,2,0
28.15115326987137,56.96316612722174,45.951920587655174,Sableux,Mais,42.37910869502734,0.0,0.8389803956046569,Uree,sahelienne,5.739286388800404,51.357720035461284,augmente,2,2,2,0
37.51494295868416,54.72349691534414,56.40133306703324,Argileux,Coton,37.35648414345234,0.0,0.0,Uree,soudanienne,6.570499037314037,138.48723026487392,augmente,1,2,0,1
31.818721770455088,53.24336961207598,35.685327710672595,Limoneux,Mil,38.91046096169605,0.0,0.0,Uree,sahelienne,6.3874907645798435,41.52478327266163,augmente,3,2,1,0
32.58198924973958,48.794806453923975,45.251391537567315,Limoneux,Mais,38.78598877570732,0.0,0.5294083715431314,Uree,soudanienne,6.332504782645495,198.8278722442335,augmente,2,2,1,1
28.30376843791942,53.79180459032556,47.50204783575038,Sableux,Mais,37.89302547381376,2.762934147550017,0.1542939500695839,Uree,sahelienne,6.839569211182703,36.02967490065481,augmente,2,2,2,0
29.333419917519926,64.7707279045999,43.203604792875105,Argileux,Mais,40.33517287847554,0.9746209934514832,0.0,Uree,soudanienne,6.802394943180105,17.824886423203324,augmente,2,2,0,1
27.713742972249904,55.21862606470881,39.84910707597547,Argileux,Sorgho,39.273674665496614,0.9318335359745004,0.0,Uree,soudanienne,7.8423945575776575,61.10486213160471,augmente,4,2,0,1
32.596006354387725,59.13493326490307,41.08295545438194,Limoneux,Mais,39.065633800717656,3.988799227892465,0.0,Uree,soudanienne,6.4515582336914505,173.61133802149007,augmente,2,2,1,1
29.230003550370647,53.5632203277804,53.527620602301965,Sableux,Mil,37.44747915813542,0.0,0.0,Uree,soudanienne,7.9390255021497875,164.49611272687218,augmente,3,2,2,1
31.803084972876842,58.778847793314355,30.39233135962344,Sableux,Mil,38.318423218362355,1.3084260787204594,2.2243320784277016,Uree,sahelienne,6.496657569430782,29.402753783322517,augmente,3,2,2,0
28.400828997140295,44.33837596417896,44.539351784683014,Limoneux,Mais,39.280940041864575,0.08638146951326874,0.0,Uree,soudanienne,5.76416171065436,43.20763650191992,augmente,2,2,1,1
29.275005988812545,55.67140055570206,39.28864921981926,Limoneux,Coton,37.97803523529545,2.3851618189599235,0.23786793152337848,Uree,sahelienne,7.23040335423533,40.75377025198318,augmente,1,2,1,0
36.69279189971871,53.526370058852294,40.112817171447325,Sableux,Sorgho,35.5918066980805,1.4598963988146663,0.7992431761526535,Uree,sahelienne,7.716510538101167,15.569800945661205,augmente,4,2,2,0
22.907586937414646,56.00597184694434,45.407813234469856,Limoneux,Mil,39.34183084743614,1.2146482564842351,0.0,Uree,sahelienne,6.838275328631479,0.9696619715114618,augmente,3,2,1,0
36.04834391199988,52.78364233255042,41.601214791272284,Argileux,Sorgho,36.56770622326102,0.0,0.0,Uree,soudanienne,6.31168981722515,95.20362587375331,augmente,4,2,0,1
33.16499998329475,55.710194738290184,58.04856292928267,Argileux,Coton,41.02141985291814,0.0,0.0,Uree,soudanienne,6.136676555115128,7.685269792464999,augmente,1,2,0,1
32.48585543841481,55.53643874542088,43.43874082889207,Sableux,Sorgho,40.91193704925371,1.943166614251755,0.44246986702826663,Uree,sahelienne,6.7960200548630105,58.99470149771885,augmente,4,2,2,0
27.482466325434462,64.70753931835337,36.164834739214804,Sableux,Mil,37.70365459999497,0.29548848938385347,0.0,Uree,sahelienne,7.153426527676036,13.928746826726748,augmente,3,2,2,0
33.931292185976346,52.487078263155546,37.525960006863755,Argileux,Mais,36.95141196526441,1.4073481407781854,0.9714097612537895,Uree,soudanienne,5.803466045398516,154.9267561275576,augmente,2,2,0,1
30.98604501471134,66.3418535027061,46.430489626904595,Sableux,Mil,37.20107068664231,1.4845442049299795,0.09122099983533521,Uree,soudanienne,7.529424470225344,25.619149273240005,augmente,3,2,2,1
24.72450833165462,61.61396125781608,43.25633235281408,Sableux,Coton,37.289126852648586,0.0,0.0,Uree,sahelienne,6.101731779581263,15.797639188794985,augmente,1,2,2,0
31.02556014016391,57.48833403823303,56.121308969816525,Argileux,Mais,39.91814856904731,0.0,0.0,Uree,soudanienne,7.604996382225154,155.28948929994493,augmente,2,2,0,1
29.984624584743337,62.77595909198311,47.04811195574898,Argileux,Mais,38.95307690423273,0.04849865199094756,0.0,Uree,soudanienne,6.03377841577668,168.14060560224,augmente,2,2,0,1
25.253123834922906,62.48029799509605,45.31398525458371,Argileux,Sorgho,38.798575686078344,4.162692982688632,0.9048154330104707,Uree,soudanienne,7.09072838494812,32.0143269909146,augmente,4,2,0,1
29.03283035451705,60.0258525107202,29.61079973460017,Limoneux,Sorgho,39.86030380743033,0.0,2.060771958083101,Uree,soudanienne,7.332678240074187,37.604946923083226,augmente,4,2,1,1
32.05866277977618,58.124728748412345,45.65220512928155,Limoneux,Coton,38.1215239404811,0.02350111156671535,0.0,Uree,sahelienne,6.317329040845197,24.44833723921719,augmente,1,2,1,0
31.18415701245204,50.26388268685995,54.79792402523999,Argileux,Mais,36.88732733248929,0.0,0.9424911158493882,Uree,soudanienne,6.53155460212156,0.6436527208557363,augmente,2,2,0,1
30.748629540168622,66.40981336436569,59.63577341212558,Argileux,Mais,37.36666175018191,4.093118857069204,0.0,Uree,soudanienne,6.901650236040427,135.29358744527244,augmente,2,2,0,1
28.393099645616,63.44918651497437,47.96583568807771,Sableux,Mil,38.350913000236034,2.099853794788211,1.7854432853845783,Uree,sahelienne,6.793172641104023,11.796202136502716,augmente,3,2,2,0
32.00931362159164,53.62494076658331,58.2960785477076,Limoneux,Sorgho,38.21426728134282,0.0,2.42151958918741,Uree,soudanienne,7.090443411770582,23.667238184677466,augmente,4,2,1,1
31.212191831323715,51.69877484337147,31.6030401798932,Sableux,Mil,40.529075122502114,0.0,0.0,Uree,sahelienne,5.565491771330162,66.53576349406188,augmente,3,2,2,0
25.72224190785952,61.28594481376486,37.25944632187284,Limoneux,Mil,38.94746394564894,0.0,0.0,Uree,soudanienne,6.6454672168447315,26.695994483188755,augmente,3,2,1,1
32.42542856977339,60.49472134654928,32.27824644636143,Argileux,Coton,33.1764411680464,0.0,1.4402831790599464,Uree,soudanienne,5.838385205694214,131.3910312534279,augmente,1,2,0,1
27.891338498901636,57.598991771962126,45.192418091504614,Argileux,Mais,38.182700243679285,0.0,0.0,Uree,soudanienne,6.179874315321578,89.947968490108,augmente,2,2,0,1
27.032126962629597,49.94512838603585,32.90597698169806,Sableux,Coton,37.41323552835792,0.0,0.16263086030321613,Uree,sahelienne,7.749583364218181,53.10317489404713,augmente,1,2,2,0
26.68390931133209,60.18973053675363,29.997954475020837,Argileux,Mil,35.54077588170026,0.0,1.2708234873949236,Uree,soudanienne,6.659831216720841,121.70545453929331,augmente,3,2,0,1
28.95722192631334,63.79629814126129,65.42720442413227,Limoneux,Mil,37.592666477970056,0.0,1.0127388024157224,Uree,soudanienne,5.786922179673043,144.56286064169674,augmente,3,2,1,1
21.974467404080187,60.90214257386041,49.92161322014148,Sableux,Sorgho,36.868530335989284,0.1378302128741996,0.0,Uree,sahelienne,6.655738902501518,52.07787737207633,augmente,4,2,2,0
30.060931811675662,55.59626348980611,47.264636997276284,Sableux,Mais,40.88783444407995,0.091221018193682,0.0,Uree,sahelienne,6.146552087220097,26.4172051897198,augmente,2,2,2,0
25.811263932687694,63.12678181457858,41.26850682089807,Limoneux,Mais,38.94730416998741,0.0,0.0,Uree,soudanienne,6.846754494881786,21.094739991326115,augmente,2,2,1,1
30.794113400841205,60.533541479787175,54.01549271277108,Argileux,Coton,40.729300881566246,0.0,0.0,Uree,soudanienne,7.086456043875759,79.19409453249098,augmente,1,2,0,1
33.13690858440053,57.059476543918805,38.39688342631412,Argileux,Mil,39.23934385612853,0.0,0.0,Uree,soudanienne,5.960562098095066,130.85851046499238,augmente,3,2,0,1
30.908769657493007,61.32428096735204,42.005758342421345,Argileux,Mais,37.0343494277848,0.3258753358289572,0.30643354218554375,Uree,soudanienne,6.544402448187749,133.58399976072542,augmente,2,2,0,1
37.54278133548061,61.61491079770042,44.82603708647846,Limoneux,Coton,38.02554570999312,1.5771679930877809,1.899817682503602,Uree,soudanienne,5.698516461607574,37.482388819516444,augmente,1,2,1,1
24.703623377242703,57.903281755612824,53.4650552371675,Argileux,Mil,41.629705095262224,0.5612562812076949,0.0,Uree,soudanienne,6.394495663313604,165.64985048744367,augmente,3,2,0,1
29.190994993530953,56.775597430106124,33.82464038445784,Argileux,Mais,39.882281747824976,0.874773709122207,0.0,Uree,soudanienne,6.625877447263532,130.22951697633482,augmente,2,2,0,1
30.610185745760866,60.582681484176064,34.991087840604486,Sableux,Mil,38.17751694661892,1.960211757068599,0.06072069806471356,Uree,soudanienne,6.312760038579247,13.928229632481148,augmente,3,2,2,1
26.42488464244372,59.35687521051155,59.04380678848669,Sableux,Mil,39.423544295222705,0.0,1.3940756759315907,Uree,sahelienne,6.2632766917418286,2.6551483649940977,augmente,3,2,2,0
32.58397721155143,60.0858087233285,47.68685662204675,Limoneux,Sorgho,39.67089510551359,1.0679372506228995,0.0,Uree,sahelienne,6.9011015774511,35.764443504514034,augmente,4,2,1,0
29.971516508240732,60.38114466815805,43.63356454877621,Limoneux,Coton,34.43854003784296,1.3558746834406747,0.0,Uree,soudanienne,6.2000933238762235,58.44364609237955,augmente,1,2,1,1
29.13547729654725,60.41867859264345,36.26286959722398,Sableux,Mil,39.96907466659023,0.0,1.0550089378991225,Uree,sahelienne,6.851746191612276,19.35150626070712,augmente,3,2,2,0
27.210733053201274,63.46155038426983,57.03148688952595,Limoneux,Mil,39.80879355559005,0.0,0.0,Uree,sahelienne,7.730756245349131,6.317532975266289,augmente,3,2,1,0
30.329151687286075,60.45861246281671,52.20943638122299,Limoneux,Mais,38.51380355548498,0.0,0.0,Uree,sahelienne,5.787332492648917,72.7701455549274,augmente,2,2,1,0
32.14226823263686,55.46877419609254,25.81978033623311,Limoneux,Sorgho,38.706130282288136,1.601673748107426,0.0,Uree,soudanienne,7.4346991393253905,178.5046579909692,augmente,4,2,1,1
32.43887854112512,53.91731900198111,42.22038241688173,Limoneux,Coton,40.57091398132198,2.7993300884359984,0.0,Uree,soudanienne,6.461278319112031,130.4448519090945,augmente,1,2,1,1
30.7770381359729,55.02840518739774,30.320179435009784,Limoneux,Mil,38.442407570406445,2.712081664689205,0.0,Uree,sahelienne,6.681233387516284,11.201927804265415,augmente,3,2,1,0
26.72410655785825,54.27185324922982,36.054522418810706,Sableux,Mil,37.965837663408806,0.0,0.7232533513372301,Uree,sahelienne,6.7914315711149476,0.6131226119380262,augmente,3,2,2,0
34.01404074395464,49.38546887235121,42.96835809426746,Sableux,Mais,37.805026144030265,0.0,0.5106792166706887,Uree,sahelienne,7.829384298582041,6.967421343661719,augmente,2,2,2,0
33.267382453123055,56.738962478585634,36.200067815989826,Limoneux,Coton,38.55069689425251,0.0,0.0,Uree,sahelienne,6.486440188994116,32.88168602124366,augmente,1,2,1,0
30.641962494066004,66.75909333248129,49.85907494006192,Sableux,Sorgho,35.50709252045915,1.4320613025217848,0.0,Uree,sahelienne,5.786219095164763,36.498920716443365,augmente,4,2,2,0
29.751802530517107,64.83702342282785,52.15291915949099,Sableux,Mais,41.11216094477352,0.0,0.8190785456468399,Uree,soudanienne,6.404799977094663,2.0262368055486757,augmente,2,2,2,1
31.248518974181426,53.02941502859319,42.91136500969772,Sableux,Sorgho,40.085551740328356,0.45939866432291876,0.0,Uree,sahelienne,5.52926652682726,23.6032566123325,augmente,4,2,2,0
33.863959814203284,61.07361092961652,49.40747708438892,Limoneux,Mil,34.82384569858389,1.1722389771665325,1.3687360138922318,Uree,soudanienne,6.57482769347537,55.076234851083704,augmente,3,2,1,1
30.962681049174737,58.058168450663835,49.10081768961898,Limoneux,Mais,40.879233106410425,0.0,0.4619098068477713,Uree,soudanienne,6.297167045802847,74.23448468752551,augmente,2,2,1,1
26.796429330144047,53.92276779278196,38.163246668603236,Argileux,Mil,36.580930710315876,2.3712359897852653,0.0,Uree,soudanienne,5.563619399764377,127.38046349094864,augmente,3,2,0,1
34.79128878818981,52.57794767248227,36.7327056859922,Argileux,Mil,35.32237448600334,0.0,1.5437626129559323,Uree,soudanienne,7.9700899153889795,137.65484715604742,augmente,3,2,0,1
31.383426300356987,53.25649079867965,38.76562593622804,Sableux,Mil,38.37355908235774,0.0,0.0,Uree,soudanienne,5.558380240820465,91.70460177637814,augmente,3,2,2,1
31.271510681152122,58.19271092097156,45.90061648268351,Sableux,Mil,39.62273864056079,0.0,1.8769994201386262,Uree,sahelienne,6.463779761842305,43.312608587806814,augmente,3,2,2,0
33.695580089739025,53.42957711520323,34.25651963938776,Limoneux,Mil,41.205048201687795,0.4007238523644439,0.0,Uree,sahelienne,5.9865595917621794,27.395838306777065,augmente,3,2,1,0
30.90314431640561,69.06001480478234,33.85130724435304,Sableux,Coton,34.78787748783198,1.196656409788054,0.0,Uree,sahelienne,6.722244579481129,79.50787111197586,augmente,1,2,2,0
26.62305135943846,58.57709888578769,36.95092102476223,Limoneux,Coton,41.90577746949085,1.8037731890796131,0.0,Uree,sahelienne,6.857561459894158,77.1223077732411,augmente,1,2,1,0
29.120866837154114,60.06801931879119,38.92972995763261,Argileux,Mil,40.325193712490844,0.15677304555343272,0.49288086320656377,Uree,soudanienne,6.189418920628392,188.80841876507958,augmente,3,2,0,1
33.18192744259074,51.51329171088709,34.52681170823363,Argileux,Sorgho,38.33929847119586,0.6248366361040018,0.4084374198617007,Uree,soudanienne,6.008057727715218,77.30810136460558,augmente,4,2,0,1
31.03396203153776,61.32341979594202,47.64132293344637,Sableux,Mil,40.27148503243134,0.3571822626066555,0.0,Uree,soudanienne,6.933822378638933,40.09490310568056,augmente,3,2,2,1
33.062344895727904,70.35111635939703,43.64927944139608,Limoneux,Mais,40.46975550677877,0.0,0.0,Uree,sahelienne,7.815956516825217,38.14747746542537,augmente,2,2,1,0
26.329856036371858,55.60506958095291,49.555477427501614,Limoneux,Coton,36.967372813190934,0.6512836593992563,0.0,Uree,soudanienne,6.026762409668008,1.77265702269378,augmente,1,2,1,1
32.24900486975068,60.82651832063718,36.72057880174291,Limoneux,Mais,37.396009256901955,1.3705873674010842,0.8240682772419006,Uree,soudanienne,7.422306955269102,153.22318655911724,augmente,2,2,1,1
28.12292525268796,55.36364452025958,40.680792092410584,Sableux,Coton,38.31572364841242,0.0,0.0,Uree,sahelienne,6.3720513349236985,64.65881680073777,augmente,1,2,2,0
29.60734469497515,65.97595149566858,41.98172821849684,Sableux,Sorgho,38.418178366201275,0.9737719077707848,0.0,Uree,sahelienne,7.267716193166745,5.832146829432281,augmente,4,2,2,0
29.679714534965534,57.409502866505605,24.292976805446614,Argileux,Mais,36.974120955413895,0.0,1.3271597470907976,Uree,soudanienne,6.065072494539999,195.79622303496177,augmente,2,2,0,1
33.06274876749606,69.62498582280803,30.581578263328552,Limoneux,Mil,36.81960329049057,0.536059400419948,0.012742852235728713,Uree,sahelienne,7.061959656973507,54.60937769787219,augmente,3,2,1,0
38.023303086520485,60.68222516725597,37.46866050805689,Limoneux,Mil,39.22421368138516,0.808752254666603,1.6963358519982077,Uree,soudanienne,6.178523451116786,56.85481858550334,augmente,3,2,1,1
27.309420618802584,54.450614930689134,51.875209688738295,Sableux,Mais,37.23237542281336,0.02460637019536908,1.528154207106362,Uree,sahelienne,5.754730970165034,21.631462910762043,augmente,2,2,2,0
29.83919788552938,60.67250501887423,41.04477335248927,Limoneux,Sorgho,38.83797380241143,0.309743858188071,1.3614367394687557,Uree,soudanienne,5.723223811313932,98.76280809138574,augmente,4,2,1,1
30.42041952588854,53.469506487471165,51.28377772200481,Argileux,Mil,39.30711014601438,0.0,0.3064111020683691,Uree,soudanienne,5.763412305627141,128.8298442951832,augmente,3,2,0,1
23.740569231704526,55.98458780302764,31.195475024339697,Limoneux,Sorgho,38.36459016232701,0.9619307982865838,0.0,Uree,sahelienne,6.4245331399679415,61.40541028143346,augmente,4,2,1,0
36.1705178853493,57.36713274308134,45.17267442578225,Limoneux,Mil,37.647035355924615,0.7720384781257463,0.0,Uree,soudanienne,7.1945330007751105,59.06029551436656,augmente,3,2,1,1
34.86781831380514,54.24052690151668,47.581180806071124,Sableux,Mil,36.79252244470108,1.800695655063631,0.0,Uree,sahelienne,7.725537506590436,29.422879020492232,augmente,3,2,2,0
27.0242474718236,57.6410534912106,18.696711829348644,Argileux,Mil,35.21323926441117,0.19042944968635955,0.0,Uree,soudanienne,6.510724368137173,119.0263349811363,augmente,3,2,0,1
33.37522777938661,62.29118593446181,48.28446447627864,Limoneux,Mil,38.404222744337474,0.875390584280336,0.0,Uree,soudanienne,6.8032401191353475,25.110042952530677,augmente,3,2,1,1
28.130476820764212,47.95873117639262,44.20711115472434,Limoneux,Mais,37.93422165476361,0.30757562271236955,1.5693655186199604,Uree,sahelienne,6.429348237265826,23.98404220521887,augmente,2,2,1,0
34.43613194714178,50.75182982824358,34.65236874888012,Limoneux,Sorgho,38.676791546934,0.3903251166536004,0.0,Uree,sahelienne,5.664237147385914,19.72829079824197,augmente,4,2,1,0
30.373117068424744,57.70237137437287,36.22545236876333,Limoneux,Mais,37.107985994842494,0.0,0.8593453328978298,Uree,sahelienne,6.063453170016914,11.264235911414087,augmente,2,2,1,0
33.448189939193604,66.60126902236239,33.00774547830204,Sableux,Mil,36.35570121719362,0.3944076454912078,0.7971547975948563,Uree,sahelienne,6.149762448107082,73.39886745055922,augmente,3,2,2,0
29.787077584623283,58.91589462169087,47.10683025329309,Argileux,Mil,38.959924429780344,0.9918821318332878,0.0,Uree,soudanienne,6.1047332352822234,135.92406654702157,augmente,3,2,0,1
34.55921779320083,51.633350098110576,39.60433493017644,Sableux,Mais,38.0377447762165,2.1965575594824482,0.0,Uree,soudanienne,5.624947571649197,196.23850583282317,augmente,2,2,2,1
25.658227814789868,55.157089605978676,43.33878736680849,Sableux,Mais,38.45028244184337,0.5309501812136249,0.0,Uree,soudanienne,7.0558581615431155,38.021529956745525,augmente,2,2,2,1
31.605510296633355,67.71624115576641,40.27196461323945,Limoneux,Mil,39.133034688060576,0.030636443865203297,0.0,Uree,soudanienne,6.1183507895477085,133.32009580932385,augmente,3,2,1,1
29.641149421177666,61.85898125996382,30.76639651642423,Sableux,Mais,38.35216178288478,2.499608211120675,0.9895814087303608,Uree,sahelienne,6.055189676733302,67.84336716811872,augmente,2,2,2,0
29.529425950721894,56.942080448848635,36.24726522585939,Limoneux,Mil,37.57466823248213,0.0,3.3595548626664247,Uree,soudanienne,6.494591563755392,198.65100308459282,augmente,3,2,1,1
30.65216758594525,59.2280474675028,47.13467314789424,Argileux,Sorgho,35.9353891510093,0.0,0.39601906652192703,Uree,soudanienne,6.392802898251257,50.200276652460055,augmente,4,2,0,1
27.532397065184316,56.69948410582886,48.003593911160856,Argileux,Sorgho,36.175560179549514,1.1692225905064393,0.02283690853829457,Uree,soudanienne,7.8761479264382395,87.32283795375322,augmente,4,2,0,1
29.406399035061547,65.75689851390547,38.381357591105434,Argileux,Sorgho,36.90914397424491,1.5326115650831627,1.2468382198306616,Uree,soudanienne,6.690839333252747,40.93602181145679,augmente,4,2,0,1
30.789300575077327,60.903033065172586,45.517903745043895,Argileux,Mais,39.9658673345863,0.0,0.0,Uree,soudanienne,6.330477582789012,154.2245631703773,augmente,2,2,0,1
25.51910424143042,62.16592005544051,19.405691983785076,Argileux,Mil,38.56140351442867,1.6840463061594613,0.0,Uree,soudanienne,5.636586050002431,45.225066249934386,augmente,3,2,0,1
31.534091578929576,50.12958466772519,35.982650960198896,Argileux,Mil,39.5909769786263,0.0,1.066100001454739,Uree,soudanienne,6.313237835057578,163.3558933011272,augmente,3,2,0,1
30.873000651297783,67.70536430398477,45.33110005989063,Argileux,Coton,41.0007553999235,0.0,0.0,Uree,soudanienne,5.918303260002651,116.75455610282232,augmente,1,2,0,1
27.407754800715637,56.81439038361223,44.159750860477224,Limoneux,Coton,39.53872498813955,0.0,1.6831161883566699,Uree,soudanienne,6.78463616051692,73.85615404310822,augmente,1,2,1,1
30.017626961633848,64.14484213888834,50.0998890593891,Sableux,Mil,40.31824874875548,1.5928519505329293,1.3057165494301568,Uree,sahelienne,7.654227259468363,64.56567230933624,augmente,3,2,2,0
34.95770823840153,58.69939427282887,47.848676143633895,Sableux,Mais,39.15762948083818,1.2462984056193827,0.7324365858430173,Uree,sahelienne,6.451294274674736,62.89645218088464,augmente,2,2,2,0
27.398216343070228,59.689800641652724,53.585579723965566,Limoneux,Mais,38.25471961694051,0.7276722714278088,1.2386103385909841,Uree,sahelienne,7.917588188140366,40.38364786436225,augmente,2,2,1,0
33.32672546020351,56.34178250446394,34.35024405336738,Argileux,Mais,39.252506636624105,0.0,0.0,Uree,soudanienne,6.225113829906093,134.5405988417796,augmente,2,2,0,1
28.419940081802274,53.733120825663505,32.24360095665159,Argileux,Mais,40.37178956435825,3.0955295974934245,0.1115949581456784,Uree,soudanienne,6.382396258630892,66.80999313375384,augmente,2,2,0,1
33.71843641121941,57.95061339422528,37.12207098005009,Argileux,Mais,37.39566939514841,0.0,0.0,Uree,soudanienne,7.861121456735758,134.2958297334414,augmente,2,2,0,1
28.735569978374702,56.201104592600245,27.249208329010706,Limoneux,Mil,41.11024730834767,0.0,0.0,Uree,sahelienne,7.950921852355463,41.496079550447604,augmente,3,2,1,0
33.15184862760067,49.529865466049785,33.762056709326004,Sableux,Sorgho,37.9473995739928,0.0,1.424317457799659,Uree,sahelienne,6.494030946382177,16.426635096543983,augmente,4,2,2,0
31.345789683699568,58.311865847742126,43.591195994819266,Argileux,Mais,40.07707837780893,0.0,0.14012515032574258,Uree,soudanienne,5.730167465206189,124.72975565805322,augmente,2,2,0,1
34.57192524147567,53.13493731917168,33.86789272483932,Argileux,Mil,39.829487275312836,0.0,1.310044230007777,Uree,soudanienne,6.994170706756758,189.34674578467911,augmente,3,2,0,1
32.27461519647201,54.420147076346716,56.897298099487685,Sableux,Sorgho,37.97538411104596,0.44286951892046134,2.6629073569994164,Uree,soudanienne,5.538487229228271,50.62030783592175,augmente,4,2,2,1
27.34672438849158,58.609939747298775,40.41782828778272,Argileux,Sorgho,40.39486805729986,0.0,0.9033694814297605,Uree,soudanienne,5.731563707628418,182.90973276971178,augmente,4,2,0,1
29.982188022786527,66.53998780413416,53.32754470716474,Sableux,Mil,41.39410346642426,0.0,0.025292070578943095,Uree,soudanienne,6.105055199952193,18.27829726635528,augmente,3,2,2,1
27.87737777737886,58.392601426841004,35.64600630110898,Sableux,Mil,36.947702799362844,0.0,0.0,Uree,soudanienne,7.331833686965413,134.57433371961596,augmente,3,2,2,1
30.81141078717374,65.78663765011369,47.95971059093349,Sableux,Sorgho,39.10049745823537,0.7240502981751755,0.0,Uree,soudanienne,7.344793483385064,13.691743866715612,augmente,4,2,2,1
26.325826352772747,60.24084749096082,48.314226610927655,Limoneux,Mil,40.302054564724436,3.7821959913909775,0.0,Uree,soudanienne,7.4684675668808325,126.04944389123159,augmente,3,2,1,1
30.747772466546074,56.34071837730848,26.32329796974198,Sableux,Mil,35.445351374394264,0.0,0.8613184358350825,Uree,sahelienne,5.5547833219375224,40.210499410410435,augmente,3,2,2,0
32.524574653884876,57.337524840004406,39.488805537006044,Limoneux,Coton,37.47277167511658,2.3098112055501026,0.0,Uree,sahelienne,5.676229864107862,53.13755079911746,augmente,1,2,1,0
27.07154201937047,59.22349238456119,27.32585251917788,Limoneux,Mais,37.10922474604317,0.527967137530971,0.0,Uree,sahelienne,6.838884537199181,28.30313269891488,augmente,2,2,1,0
31.153531283935628,59.15517769617056,22.39415718513686,Limoneux,Sorgho,39.35523765396792,0.0,0.0,Uree,soudanienne,7.852802031334184,20.51359251671796,augmente,4,2,1,1
32.62003666077049,59.598186380817964,43.405777026856725,Sableux,Mil,35.8332099827539,0.0229312957506504,0.6682779175740585,Uree,sahelienne,7.3708896341643495,48.843740401233966,augmente,3,2,2,0
29.39364470872364,63.58863270243993,50.04958556353078,Sableux,Mil,39.36721311606517,0.0,0.0,Uree,sahelienne,6.787333374783149,6.68434700085518,augmente,3,2,2,0
29.413975949124264,59.254099411602105,28.493990487246087,Sableux,Sorgho,37.855952538912504,0.6799457859960725,0.0,Uree,sahelienne,7.019381707739131,4.618572738009377,augmente,4,2,2,0
24.916492640962822,68.0481165273174,45.38851260844007,Limoneux,Sorgho,40.20884463632175,3.34150843659188,0.0,Uree,sahelienne,7.255365240454574,40.009020166130156,augmente,4,2,1,0
27.637076546663483,57.0547155874219,34.99656087822623,Sableux,Sorgho,39.35522863643826,3.5507220351388455,0.4029388009977901,Uree,soudanienne,5.85710491203583,41.25042276723052,augmente,4,2,2,1
30.085444852421052,71.78363708684589,32.153931245665476,Limoneux,Mil,38.43271627217499,0.0,0.0,Uree,soudanienne,7.071066141536468,50.654476704543015,augmente,3,2,1,1
31.183100927151955,48.33607781215799,40.30752105215849,Sableux,Coton,40.61191882085992,0.21123347618809155,0.5783072591157206,Uree,soudanienne,7.478895506478425,36.6884392806869,augmente,1,2,2,1
28.935397084576675,58.51393361575472,42.46594410758134,Sableux,Sorgho,36.91830454344711,0.0,1.9799010154946228,Uree,soudanienne,5.667434030063179,77.88098779577506,augmente,4,2,2,1
28.353440241726847,57.25873034037293,53.819442085809406,Argileux,Mil,38.70966698843856,0.0,0.0,Uree,soudanienne,7.992955884757376,64.2324305271907,augmente,3,2,0,1
23.996556009261518,63.196310424793516,53.19099235853871,Sableux,Mais,37.235707912811755,0.0,0.0,Uree,sahelienne,7.271914138072885,17.413391966442884,augmente,2,2,2,0
31.39865189524928,62.46928428256651,47.454963215690434,Limoneux,Mais,38.848763872123506,2.4208148256063824,2.2345550265300225,Uree,sahelienne,6.795020166011562,53.692597870375096,augmente,2,2,1,0
31.535768221258607,59.71015066381154,44.6983464284707,Limoneux,Sorgho,37.563242920148156,0.0,0.4745208722252189,Uree,soudanienne,6.992888264975755,177.82558478800198,augmente,4,2,1,1
32.863651265469265,55.58715860774161,33.06978304403748,Sableux,Coton,38.19671140602539,0.0,0.0,Uree,sahelienne,6.103751569982084,33.98806742944696,augmente,1,2,2,0
33.13865942704418,55.450048114308224,49.48612857537117,Sableux,Mais,36.72370430220179,2.43085427782683,0.8172673416441516,Uree,sahelienne,7.230897306152645,75.12547835602332,augmente,2,2,2,0
32.20812174796986,51.12533937984993,47.400347720602745,Argileux,Mais,36.88693814091891,0.0,0.0,Uree,soudanienne,7.154922361984672,155.60504862893063,augmente,2,2,0,1
24.682861727229227,60.46917231923658,28.162744151419034,Sableux,Coton,38.834145545655,0.0,0.0,Uree,soudanienne,5.597448301652826,64.60546915081878,augmente,1,2,2,1
32.048345362257294,55.203652294089984,43.05948567894953,Limoneux,Mais,39.57538199119317,0.0,0.0,Uree,soudanienne,5.737294842054174,65.32784988518219,augmente,2,2,1,1
29.84731976218546,60.39050870859188,54.57027352468931,Limoneux,Mil,36.52691930751854,0.0,0.0,Uree,soudanienne,6.281944973025885,46.40363606176214,augmente,3,2,1,1
35.933904682928,63.54351590627596,44.868141104188844,Argileux,Mais,40.77524278717765,1.0075998054378787,1.7142580830199863,Uree,soudanienne,6.967341266397268,198.13583141315317,augmente,2,2,0,1
26.27423747408142,60.55884162993226,23.445408804934825,Limoneux,Mais,36.88508139631222,2.451788359484986,0.7997825979845943,Uree,soudanienne,6.029089746424653,196.22358157358715,augmente,2,2,1,1
28.38229097319123,64.6532429465106,52.27652554098973,Limoneux,Sorgho,39.613444552281095,2.5557964639240236,0.0,Uree,soudanienne,6.432806546055959,33.4714064473562,augmente,4,2,1,1
28.85628536915564,64.85928909272515,56.805862534365254,Limoneux,Mais,40.190922915905986,2.14636146484941,0.0,Uree,soudanienne,5.948390025723103,91.03439834673128,augmente,2,2,1,1
31.63911124075336,53.843771191386814,68.9418213722864,Limoneux,Mil,39.30861922146495,2.129387488587468,1.3544289467637405,Uree,sahelienne,6.504717999726825,45.8085786305618,augmente,3,2,1,0
29.801156697720977,58.35887799844384,37.973725720665776,Limoneux,Coton,41.53503959249777,2.5168315603437703,0.0,Uree,soudanienne,5.711413445243094,176.1946011279315,augmente,1,2,1,1
30.8258292842241,54.26575811866176,50.73313006462058,Limoneux,Coton,39.13827996668488,0.0,0.0,Uree,soudanienne,7.506600780882325,6.005201065878563,augmente,1,2,1,1
29.672255287665383,57.70171456870333,35.37438059214743,Sableux,Sorgho,38.30291265419741,0.7275854594258151,0.0,Uree,sahelienne,5.677587222610005,18.34926216301379,augmente,4,2,2,0
33.19887273798316,53.671032813581675,35.24562879991271,Sableux,Mais,35.28845585647411,0.0,0.0,Uree,sahelienne,5.824197445560588,28.425579877911016,augmente,2,2,2,0
27.609353111171064,58.57064790061979,34.47669626051738,Limoneux,Mil,39.438603320472836,0.0,0.0,Uree,soudanienne,6.256048778196341,160.76097809669503,augmente,3,2,1,1
32.434618386236956,54.50941899944532,41.7372220175297,Sableux,Mil,36.25776007678099,0.02886663781455869,0.0,Uree,sahelienne,6.648960143034058,65.79049689482835,augmente,3,2,2,0
32.52724872613292,61.128850653916395,45.20447215121988,Sableux,Coton,41.505006419097306,0.0,2.932091269566723,Uree,soudanienne,6.2846887418061765,168.02161568783998,augmente,1,2,2,1
30.016120702798965,42.163881197316286,29.007801678775316,Sableux,Sorgho,36.223997701472356,0.0,2.7243143813566983,Uree,sahelienne,7.5955760527045015,68.78357398493165,augmente,4,2,2,0
29.38023082788594,68.21337111060208,56.28536253777516,Argileux,Sorgho,41.187116342057195,0.0,0.0,Uree,soudanienne,6.724061155125612,45.965345159523686,augmente,4,2,0,1
31.048930912802184,54.2005249358354,35.65227999200844,Sableux,Coton,36.75158122305301,0.6433412131247043,0.0,Uree,soudanienne,5.957094449672042,57.14151353217807,augmente,1,2,2,1
28.777494717811564,55.15071773317454,39.92275596378663,Limoneux,Mil,36.36761589309974,0.352866283222187,1.9487346436888935,Uree,soudanienne,6.89196227732047,159.1852774287005,augmente,3,2,1,1
31.749717618788942,60.202817188059356,45.26161891669869,Argileux,Sorgho,37.13084401868914,0.0,0.0,Uree,soudanienne,7.068322337726695,30.40971348489836,augmente,4,2,0,1
28.340797718716722,60.1829293135573,40.30347181929008,Argileux,Mil,38.307525988490596,0.0,0.0,Uree,soudanienne,6.670172635585725,152.11512849105645,augmente,3,2,0,1
29.195199884657743,55.74132646723294,32.17123666356862,Argileux,Sorgho,41.86693839221325,0.0,1.8746596988488808,Uree,soudanienne,6.7764518936488995,182.12114344288435,augmente,4,2,0,1
31.038975919053964,58.5005381332641,38.21542681105032,Sableux,Mil,34.59852442732189,2.7595146396177737,0.0,Uree,sahelienne,6.093696391880644,57.96786294781032,augmente,3,2,2,0
28.851052946304478,65.84690096901848,36.53451782586865,Limoneux,Mais,36.89200758532096,0.0,1.9539770561071368,Uree,soudanienne,5.813715741997877,47.38666498132973,augmente,2,2,1,1
33.88810616713473,55.146166840583646,48.520845970509725,Limoneux,Mais,38.04646645683439,1.0698476876126506,0.1569080632623113,Uree,sahelienne,6.362709363783084,76.91938596592897,augmente,2,2,1,0
33.46720262069742,60.37796284953335,46.655814323582256,Limoneux,Mil,39.619245244262494,0.0,0.0,Uree,sahelienne,6.193661699312385,77.06882563568303,augmente,3,2,1,0
29.578798545351425,50.55962963444495,38.49539800729352,Argileux,Mil,39.94628295289343,2.356273081201571,0.0,Uree,soudanienne,6.358466755444111,187.09690270549913,augmente,3,2,0,1
31.597053377235724,50.51205671242216,42.04163081125606,Limoneux,Mais,36.38470953255878,0.47742695450608724,0.0,Uree,soudanienne,6.677400631086834,150.23542739080855,augmente,2,2,1,1
29.559004833837864,64.38474735449161,32.20393624975844,Sableux,Mil,36.649344949091834,2.795781116664893,1.4915065028166157,Uree,sahelienne,6.179082953185924,14.770596587789537,augmente,3,2,2,0
24.999244543000252,62.614813528837495,27.633960491806562,Limoneux,Sorgho,38.777910151669445,2.7402683405417108,0.0,Uree,sahelienne,6.5846098071381105,9.326645964455738,augmente,4,2,1,0
30.791736532742117,60.04257777441088,53.168768091392906,Argileux,Mil,40.6466206519939,0.0,0.8695670058721489,Uree,soudanienne,7.142576245585268,79.90375691738696,augmente,3,2,0,1
27.65072294599098,53.60546385833371,41.09856861410341,Limoneux,Sorgho,39.20679549873939,0.8101871640420072,0.2835500561146967,Uree,sahelienne,7.951420567651809,5.378734407244892,augmente,4,2,1,0
30.446154932365516,60.01135390492368,31.00996161527263,Argileux,Coton,38.49377654996394,0.0,0.0,Uree,soudanienne,6.240894033783221,163.74804589681017,augmente,1,2,0,1
29.81465404162286,59.37242288387143,39.296015789246084,Sableux,Mil,38.244448085543546,0.7210488885354477,0.0,Uree,sahelienne,6.6448224860850695,49.117624506018615,augmente,3,2,2,0
33.972643812367046,52.314833454853954,29.640676410658983,Sableux,Mil,40.31960186486869,0.0,0.0,Uree,sahelienne,7.514286314170545,16.72474989654768,augmente,3,2,2,0
26.550981626205104,61.14070681824644,46.0235629189429,Argileux,Coton,40.59262304652099,0.0,0.0,Uree,soudanienne,6.46152768994692,60.657178169856586,augmente,1,2,0,1
30.32456846989177,46.33083109925991,36.15289972822513,Limoneux,Sorgho,38.70765191448687,0.7187499540560549,0.0,Uree,soudanienne,5.903047029937806,194.23018147365715,augmente,4,2,1,1
27.664977720230212,59.62316187840733,46.250496455703804,Limoneux,Sorgho,38.120108116813284,0.0,0.42667642205331263,Uree,sahelienne,5.692007620786054,44.05307035526812,augmente,4,2,1,0
28.223104273537135,57.289770117193626,35.046727401178266,Argileux,Mil,39.132316983607886,1.9155950778323647,0.0,Uree,soudanienne,6.532931293019299,131.63196485951468,augmente,3,2,0,1
29.401652723314662,59.49000192202261,50.92834247989636,Argileux,Coton,37.68247678018946,0.0,0.0,Uree,soudanienne,6.07845159094212,146.29727194062318,augmente,1,2,0,1
35.036870929477374,59.73524183997053,56.33734597053818,Sableux,Mais,38.77059349182163,1.1083564081869752,0.0,Uree,sahelienne,7.193595178070736,58.51971712345112,augmente,2,2,2,0
33.51730617098529,62.3751457907732,40.073756940794695,Argileux,Sorgho,38.63801506451134,2.0076991095506713,0.0,Uree,soudanienne,6.127923168871003,96.80411450188082,augmente,4,2,0,1
31.41266949166329,54.42354850879425,53.231446566103536,Limoneux,Sorgho,35.07931565732967,1.2155396727746695,0.0,Uree,soudanienne,7.17773289271494,189.35124893844815,augmente,4,2,1,1
33.3001341381876,60.93672607094492,31.802250112081296,Sableux,Sorgho,38.49630152764556,0.0,2.0517815585849664,Uree,sahelienne,6.056690197807712,43.71668333824995,augmente,4,2,2,0
30.9376848295632,57.75945555024685,35.293178036527124,Sableux,Mais,37.82010985715586,0.0,0.622365966963494,Uree,sahelienne,5.750613909307192,52.93749461151653,augmente,2,2,2,0
29.92719736323487,59.14316209895375,37.3716080817736,Limoneux,Mil,37.68858679009503,0.0,0.0,Uree,sahelienne,6.482237772232947,46.66019138500454,augmente,3,2,1,0
34.45046820863506,58.93315029699071,45.85906139215063,Argileux,Coton,38.20242793158904,0.0,0.0,Uree,soudanienne,6.18809795259252,54.298400508542265,augmente,1,2,0,1
29.46730188542313,55.78391816129705,47.727918403580276,Argileux,Mil,37.22509758670136,0.11188682742502372,1.9363896008110022,Uree,soudanienne,6.065197677526407,186.0796840338651,augmente,3,2,0,1
29.168401673759806,53.55341654811391,27.576866472133062,Limoneux,Mais,39.884745321719834,0.0,0.0,Uree,sahelienne,6.8248514673255825,45.75967026268742,augmente,2,2,1,0
26.42600413251588,67.18689503678766,34.330010621845,Sableux,Mais,38.052999060883074,0.0,0.0,Uree,sahelienne,5.641701080414588,31.352845035512722,augmente,2,2,2,0
28.101645703993913,51.41998778690457,37.5353055929056,Argileux,Mais,35.98413522456432,1.2416446621495607,0.0,Uree,soudanienne,7.180959608229259,134.6184261822434,augmente,2,2,0,1
27.00205365786518,56.85061253457667,40.13613560156791,Limoneux,Coton,39.234016060826285,0.0,2.2422864036257195,Uree,sahelienne,7.981454488719408,79.07367951707849,augmente,1,2,1,0
32.23958044030651,70.09409058920201,36.51079788411863,Limoneux,Sorgho,39.9768269020213,2.9273923227457397,0.0,Uree,sahelienne,6.527976189673728,26.422773400166754,augmente,4,2,1,0
31.061853821514617,62.03246126542218,35.57120791998028,Sableux,Mil,40.04022188261597,0.8685253620330825,2.3513320597774183,Uree,soudanienne,6.132565852300633,20.56851843149534,augmente,3,2,2,1
26.89931122585362,67.03311172844411,55.380010179162085,Limoneux,Mil,39.99027636397271,0.7219605109096131,1.8935898670238847,Uree,soudanienne,7.2063311488443045,85.81247386053319,augmente,3,2,1,1
26.50881427351656,54.70086024040003,48.21169278865494,Sableux,Mais,39.68046738084535,0.0,0.989808192175587,Uree,sahelienne,5.649858252153271,48.479757381682035,augmente,2,2,2,0
30.117042715828774,56.645315430629054,24.09955428531218,Sableux,Mil,36.833734302951896,1.9993902484746666,1.246958406248532,Uree,sahelienne,5.534206036901702,20.687327290782722,augmente,3,2,2,0
27.768801813028638,59.81884605249455,42.634481340360765,Argileux,Sorgho,40.971051068928205,0.0,0.0,Uree,soudanienne,5.6260419340055225,115.3762402622417,augmente,4,2,0,1
32.407944577127296,60.92579308616392,35.49268024076171,Limoneux,Coton,35.34918217189796,1.6939656478142062,0.0,Uree,soudanienne,6.233383553602525,139.566557101034,augmente,1,2,1,1
30.940838425410167,61.97865083843885,31.927237455755773,Argileux,Mais,40.499433982619394,1.857118405755493,0.0,Uree,soudanienne,7.084278999413822,3.24868864189074,augmente,2,2,0,1
29.15940167966923,59.880298620226306,47.65255124290617,Sableux,Mais,39.56576355071153,3.1059478983419986,0.0,Uree,sahelienne,5.758585287151209,58.31513600841258,augmente,2,2,2,0
29.37848873001948,61.758261071976555,66.33323518401178,Argileux,Mais,36.01958439774073,0.0,0.03977200600203071,Uree,soudanienne,5.712640963723103,75.99581579307892,augmente,2,2,0,1
29.413563873980017,65.79416486809774,20.027588716563724,Argileux,Mais,37.76724876742991,0.0,0.0,Uree,soudanienne,7.684046321843038,116.5428898689363,augmente,2,2,0,1
33.45300431624934,54.78017117029503,38.43698260704833,Limoneux,Mais,36.886369829836475,0.0,1.9295296286472674,Uree,sahelienne,7.080990641163771,46.279400658346404,augmente,2,2,1,0
30.226386603195927,52.83936831335295,45.916102150490005,Limoneux,Mais,39.32474689244471,0.5786576979952266,2.817900999787798,Uree,sahelienne,5.5642241121735205,35.44269650700955,augmente,2,2,1,0
28.41307498656867,54.47625462085105,42.706220505328965,Sableux,Sorgho,37.828806084099305,0.0,4.087498121443385,Uree,sahelienne,5.642567285009048,46.847014709809,augmente,4,2,2,0
28.56258228626963,53.28629137783001,49.31184609389246,Limoneux,Mais,40.35787654264849,0.7602683943926106,0.0,Uree,soudanienne,6.269427263232872,179.5870586887474,augmente,2,2,1,1
36.34058630459063,61.71009299486833,33.8437808352384,Sableux,Mil,36.91448177607882,2.185847405237837,0.0,Uree,sahelienne,6.891161593372055,72.90713520629046,augmente,3,2,2,0
34.827690935703515,57.310514717554035,55.97355941805328,Limoneux,Mil,36.50942065314891,1.9680009163506402,0.0,Uree,soudanienne,6.530699319579163,50.17581997814005,augmente,3,2,1,1
28.830723379956193,52.49650862866912,42.14795298696971,Argileux,Sorgho,38.204577190048134,0.5412039800466854,0.0,Uree,soudanienne,7.1452555451412305,90.34789519628876,augmente,4,2,0,1
35.74522324325144,56.107425826240316,43.52119282514311,Argileux,Coton,35.122830201849204,0.0,0.0,Uree,soudanienne,7.534308359305569,129.7530772318772,augmente,1,2,0,1
34.43758973465628,54.57554137980066,38.76758927831291,Sableux,Mil,42.77996502155991,0.0,0.0,Uree,sahelienne,6.479356126405696,58.74925411937747,augmente,3,2,2,0
33.128505478583016,64.23668853550086,36.98404575768816,Sableux,Coton,42.27497834957016,1.9048777509497539,0.34011844901154387,Uree,sahelienne,6.850697232968553,45.26804482505973,augmente,1,2,2,0
26.980301781229635,54.95939259990639,43.47536200966205,Argileux,Mais,36.9712399880648,0.0,0.0,Uree,soudanienne,7.848921472562914,117.32478365673254,augmente,2,2,0,1
31.83684382646116,59.70113087789727,41.0833472433655,Limoneux,Mil,42.46718679372362,0.0,0.7862871243523197,Uree,soudanienne,5.810864603577176,194.1880499209237,augmente,3,2,1,1
31.729450239636908,59.65769086863119,46.120485771141574,Sableux,Mil,38.18048866779464,0.0,4.213660704050568,Uree,soudanienne,6.703194878048093,190.10656419088178,augmente,3,2,2,1
27.876702330230497,55.98668797894893,40.65869816722164,Argileux,Mil,37.14431562424093,0.0,3.1864852835275745,Uree,soudanienne,6.998652849146792,76.64307318945033,augmente,3,2,0,1
28.64716752696887,65.05008420546372,43.831436126095454,Sableux,Sorgho,38.952293177050805,1.933356508117701,1.8263429087556013,Uree,soudanienne,7.078646981457552,119.712598643552,augmente,4,2,2,1
26.62171702886104,52.30913398965608,44.534470440577586,Argileux,Sorgho,42.46896622762563,1.4224593956478273,0.9179910736070611,Uree,soudanienne,5.648967743382859,152.73845387006412,augmente,4,2,0,1
29.63355191726259,56.15075083170945,37.12313692118373,Sableux,Sorgho,37.293221803041384,0.37596459970599505,0.0,Uree,sahelienne,6.466767642609945,31.823475274327855,augmente,4,2,2,0
26.917353123611484,67.17508794066738,58.67679900104332,Argileux,Mil,40.3305833286,0.0,0.03011047958495748,Uree,soudanienne,7.695083782111142,191.95820408097003,augmente,3,2,0,1
32.54650142364453,50.56899172732541,43.00867386529121,Argileux,Coton,42.164085255022734,0.954235310588246,0.0,Uree,soudanienne,6.395349291322861,136.86284978506896,augmente,1,2,0,1
34.14370512734859,57.22185825577614,19.0111112165916,Sableux,Mil,40.13013611893425,0.0,1.8457445493070808,Uree,sahelienne,6.538607501480224,26.829728497396992,augmente,3,2,2,0
33.43165171772928,51.78343346503104,36.96482205362209,Sableux,Mais,38.56306382266353,0.811873484533262,0.0,Uree,sahelienne,5.742414177413562,63.801123623718865,augmente,2,2,2,0
29.21967231882114,64.60903347502258,36.42555320090245,Sableux,Mais,39.83690231553831,0.0,0.0,Uree,sahelienne,7.981286550404928,69.94458673096645,augmente,2,2,2,0
33.272341527986285,55.96705948842274,56.04913401818115,Argileux,Coton,35.604458045932105,0.0,0.0,Uree,soudanienne,6.94589940779135,160.83311299677683,augmente,1,2,0,1
23.96476693711169,61.23186548163773,19.979446497541343,Sableux,Sorgho,36.926400714955925,0.6790303005776201,2.047229871616254,Uree,sahelienne,7.991315771996548,54.03648362691405,augmente,4,2,2,0
28.754316390677058,64.42001761090522,26.684312444914873,Sableux,Sorgho,40.835212556134806,0.0,0.0,Uree,sahelienne,6.938983571600205,37.73918700147512,augmente,4,2,2,0
29.774256035865246,60.37552004473015,54.743328738613286,Limoneux,Mais,39.59020684323972,0.0,0.0,Uree,soudanienne,6.15290608127715,113.47818883121468,augmente,2,2,1,1
28.49859478551297,67.74198135540686,28.96096696893906,Sableux,Sorgho,37.8900507956386,3.906406947471149,0.0,Uree,sahelienne,6.784269638038262,0.5171486231768441,augmente,4,2,2,0
26.55699085565068,59.88697836916703,35.284606855649336,Sableux,Coton,39.520826938515754,0.19692512264988984,0.0,Uree,sahelienne,6.876329201490564,41.7101617178993,augmente,1,2,2,0
31.33374090346401,66.49295084509973,38.08754274813001,Argileux,Mil,40.05497067189256,0.29569648398358245,2.0049422676833224,Uree,soudanienne,7.78260366722464,36.15703011247591,augmente,3,2,0,1
33.988301114598826,68.29423087368068,31.176238160513385,Sableux,Sorgho,36.89059694596856,0.0,3.399634244827139,Uree,sahelienne,5.703937314028415,13.746356828612676,augmente,4,2,2,0
33.56801694213271,58.19244864363739,50.76318828769861,Sableux,Coton,37.064694960092154,0.0,2.1390727001035414,Uree,soudanienne,6.9114765973336585,135.8133208991275,augmente,1,2,2,1
29.584653055429136,54.62256031654937,35.61648493273629,Argileux,Mais,36.605151872631176,1.6114133383570555,0.5378319408419662,Uree,soudanienne,5.845313232850618,100.01165183821735,augmente,2,2,0,1
25.44545283750441,61.5156093285253,43.60746791774882,Sableux,Mais,39.79407809665232,1.2572992148748945,0.0,Uree,soudanienne,6.258463859072833,153.1717287769484,augmente,2,2,2,1
32.754648033215716,51.887910522614234,45.05240611559271,Limoneux,Mais,36.58270519789422,0.0,1.9116205790031005,Uree,sahelienne,6.761139854173388,34.19732225333512,augmente,2,2,1,0
28.42414243875104,59.2723235675703,42.622270376414,Argileux,Mais,37.457873823861554,0.0,0.0,Uree,soudanienne,6.425580464211442,179.39905787288222,augmente,2,2,0,1
29.71151598664128,53.79546422838882,41.64599666479409,Sableux,Coton,38.140103664459396,0.7324889758812556,0.0,Uree,sahelienne,6.121349552318565,64.70610587933473,augmente,1,2,2,0
30.62776080362343,53.075894695374394,52.79348443312976,Argileux,Mil,37.34295264889468,0.6771397991312285,0.5303764192348142,Uree,soudanienne,6.751448293577078,102.11408174570072,augmente,3,2,0,1
26.673799403338908,62.370890033690046,47.1583857740987,Limoneux,Mil,39.03811954155541,0.4998051367465148,1.9083762646662632,Uree,sahelienne,7.864374255564826,68.68051636412436,augmente,3,2,1,0
29.189339051177015,57.71233735418108,57.87675180815536,Sableux,Mais,39.89114495053145,1.841951425256982,0.8853817100361964,Uree,sahelienne,7.6227450498966896,13.462287080617026,augmente,2,2,2,0
30.975262093230317,65.08106167502815,40.61737034148491,Limoneux,Mais,39.453173765373805,0.0,3.9763038666862265,Uree,soudanienne,7.573906789207625,21.080275479292453,augmente,2,2,1,1
31.945517317667477,57.626574362908315,33.7741158934692,Sableux,Mais,36.596221291470385,2.250849369260862,0.5782648380351673,Uree,sahelienne,7.715950904900354,76.91332957136396,augmente,2,2,2,0
31.096277483756595,56.11396529518384,53.87253985601111,Sableux,Coton,36.70823143595139,0.0,0.0,Uree,sahelienne,5.84813517696176,43.540586961220065,augmente,1,2,2,0
32.88995983814122,58.80313126413037,51.19005734454828,Sableux,Mil,35.89175222739391,0.0,0.0,Uree,sahelienne,6.769394595471422,78.61916327283087,augmente,3,2,2,0
25.180768025767637,55.628396630013754,47.09065660291873,Argileux,Sorgho,40.16223171367767,2.7250761758688604,0.0,Uree,soudanienne,7.550633297362224,83.79395475590488,augmente,4,2,0,1
25.50317271968041,58.71357147434214,42.140165058856894,Sableux,Mil,38.51597390852098,2.641978525899658,1.4345418467776296,Uree,sahelienne,7.801728501946549,4.378616553998871,augmente,3,2,2,0
30.702041115774524,53.769605059640284,40.3548195377225,Limoneux,Mais,37.07251019835409,0.8340478480221032,0.5146856662024002,Uree,sahelienne,6.780982051830266,29.985993947999816,augmente,2,2,1,0
33.31566389154459,68.21485031072004,36.618755494345095,Limoneux,Mil,38.17125772981223,0.0,0.0,Uree,soudanienne,6.772235175174701,173.2071350091513,augmente,3,2,1,1
30.19593785329951,54.676967531441264,49.21073979525348,Limoneux,Mil,38.864705972672176,0.0,0.5153316972271768,Uree,soudanienne,6.845987448217394,171.50612155038473,augmente,3,2,1,1
33.13668744803933,53.42764610764512,34.993017050765474,Sableux,Sorgho,35.79621280904704,0.0,0.0,Uree,sahelienne,6.083918402671527,14.969941632840138,augmente,4,2,2,0
29.984126133653284,57.978400675249354,39.07512234691111,Sableux,Mais,35.05553088245666,0.0,0.0,Uree,sahelienne,6.24516550292501,13.142947461792742,augmente,2,2,2,0
28.90567662896164,54.71826596418372,42.70441190775284,Limoneux,Mil,36.75358370990369,0.5114122814679624,0.7760020664371647,Uree,sahelienne,7.888620478595168,68.77162762820852,augmente,3,2,1,0
30.826435738747634,53.77852146343425,33.00082988967368,Sableux,Mil,38.37787252948524,0.0,0.0,Uree,sahelienne,6.442634827504247,43.56442597237404,augmente,3,2,2,0
30.2733642473434,62.66480981872085,53.41708140565621,Argileux,Sorgho,37.43793653554778,0.0,2.313383455427249,Uree,soudanienne,5.889433151450425,17.48930035997709,augmente,4,2,0,1
26.88239036929125,56.73504072692669,44.32804567293734,Sableux,Mil,37.67204737019875,0.0,0.0,Uree,sahelienne,7.953143943478192,62.018763111924486,augmente,3,2,2,0
32.66190230746367,52.50298930097705,32.18904513542971,Limoneux,Sorgho,37.67640109994532,0.0,0.44638687159755835,Uree,sahelienne,7.089113304881533,11.880542531494465,augmente,4,2,1,0
28.222121203501718,63.60394108695471,29.864326147697227,Argileux,Mais,36.614786495095935,0.0,0.0,Uree,soudanienne,7.002363711344298,72.50039690630263,augmente,2,2,0,1
32.490323764665156,53.1976684590503,52.06447297716567,Argileux,Sorgho,40.911297159091916,0.0,0.0,Uree,soudanienne,5.639352133968604,48.16076321463465,augmente,4,2,0,1
29.618176390564464,56.874737318191094,35.534057117588155,Limoneux,Mil,37.547154712116736,0.0,0.0,Uree,sahelienne,7.8151488995456635,77.26658557746661,augmente,3,2,1,0
37.04742854163213,56.38459573385418,38.172877985089755,Sableux,Mais,40.17632527826189,0.19490352923977292,2.4724114716075896,Uree,sahelienne,7.791222877788785,29.766580397031674,augmente,2,2,2,0
29.672780545055573,60.230293037036844,43.50168023993488,Sableux,Sorgho,40.07991376320586,0.38880755528703953,0.0,Uree,sahelienne,6.559425299827309,76.9240585710053,augmente,4,2,2,0
31.35170057768242,56.031474248481686,51.357685929765644,Sableux,Mais,39.625207168629835,0.0,2.4213380453691613,Uree,soudanienne,6.58423582830095,72.65107033516205,augmente,2,2,2,1
31.299753461370315,55.95677969989512,40.80822480701971,Argileux,Mais,40.88102022266847,1.1368785636764567,0.686945316482775,Uree,soudanienne,6.5046906780918485,90.07007715615856,augmente,2,2,0,1
34.80723322797317,55.46714906083041,33.75189128691081,Limoneux,Coton,36.31232756522212,0.7806487121186981,0.475333522385336,Uree,soudanienne,7.371521771454581,43.20628807861444,augmente,1,2,1,1
30.05942503934398,67.97108805602451,43.93089742585246,Sableux,Mil,38.20567764950174,0.877311404087198,1.5193513141831811,Uree,sahelienne,6.130432193738825,9.875989264828409,augmente,3,2,2,0
33.65956882395195,61.088335225074744,35.603117925121914,Limoneux,Coton,39.72341544078089,0.0,0.290421330412087,Uree,soudanienne,7.000628525248958,153.94932457141743,augmente,1,2,1,1
28.044768601769544,60.616151816240134,52.79743256836807,Sableux,Mil,40.620964038625054,0.0,0.0,Uree,soudanienne,6.4840888006936055,170.90947864043608,augmente,3,2,2,1
31.24230131159425,52.70832259075588,39.73717155088464,Argileux,Mil,38.53882052139926,0.0,0.0,Uree,soudanienne,7.266510322485544,127.0646693416642,augmente,3,2,0,1
30.753897781912688,55.082402556898565,58.61644226491492,Argileux,Sorgho,38.195725433715126,0.0,1.7869340408479268,Uree,soudanienne,7.882800285985344,186.03304057251,augmente,4,2,0,1
33.76590793629592,52.997302838744105,45.00971485672271,Sableux,Mais,37.70049515816892,0.0,3.975951925738647,Uree,soudanienne,6.449343512054122,193.96377292675695,augmente,2,2,2,1
27.261999461409804,65.51533895376055,56.414533951978036,Argileux,Sorgho,39.2782000397997,2.3156891190268905,0.9089651282058338,Uree,soudanienne,6.724464669970602,66.88850542362081,augmente,4,2,0,1
27.893870193135253,54.93962704678931,58.98678613236897,Sableux,Coton,37.42077127354374,0.811003930224898,0.0,Uree,soudanienne,6.1918853298782714,69.40046708243999,augmente,1,2,2,1
29.32243250312926,66.91431506044484,45.133210619321765,Sableux,Sorgho,34.63290340786336,0.04553212989305421,0.0,Uree,sahelienne,6.7125449688101035,77.79691120223218,augmente,4,2,2,0
29.869243851010307,55.16494421659164,36.579024468707075,Argileux,Sorgho,38.183033189918774,0.0,0.0,Uree,soudanienne,6.762278628125348,12.389303715797585,augmente,4,2,0,1
32.193944985618025,56.14821264017177,41.17813007720261,Argileux,Mil,38.220795067953745,0.0,0.0,Uree,soudanienne,6.62269628533719,114.18141075042895,augmente,3,2,0,1
29.30456246548292,60.124839160681574,50.91015328731464,Sableux,Sorgho,37.864443475988466,0.0,0.34786652109874155,Uree,sahelienne,7.2521642431097,50.46163361380965,augmente,4,2,2,0
29.60149850196916,58.61617634559296,35.882871312809066,Argileux,Mil,36.901427030961784,1.5307250982170535,0.8271144251973935,Uree,soudanienne,7.782002001019654,109.28141484242641,augmente,3,2,0,1
30.325087498201764,65.55260712318344,27.56274662028384,Argileux,Sorgho,38.71151138698934,1.8316153783236757,0.0,Uree,soudanienne,5.699287682968213,186.5133417411922,augmente,4,2,0,1
29.557714706476563,62.46315359202243,44.415946089517114,Limoneux,Mil,41.005206922389696,0.7178172232232437,1.5391795025149457,Uree,sahelienne,7.058763278118343,24.77533688841513,augmente,3,2,1,0
28.600230565629392,57.914105244731445,56.231296177826835,Argileux,Mil,39.74331561766344,1.8037984167128898,0.0,Uree,soudanienne,6.064473880376573,8.066770427690395,augmente,3,2,0,1
28.254860986936606,67.09015656261057,25.105798046819885,Limoneux,Mais,37.66205744959697,0.0,1.013857639638494,Uree,sahelienne,5.552522892465902,35.66604398616129,augmente,2,2,1,0
32.37517947645571,57.83145555450759,43.38045294517071,Argileux,Mais,38.50772272562569,0.0,0.0,Uree,soudanienne,7.838486224169497,188.26687855738032,augmente,2,2,0,1
27.31200262758045,61.69391139821484,36.7553526746076,Sableux,Mil,38.15862476073623,0.354493557798737,1.9756030624716723,Uree,sahelienne,7.346365133492409,30.977851296816556,augmente,3,2,2,0
29.699320882908708,55.35834915982652,32.30907311951752,Limoneux,Sorgho,40.55349520500327,0.0,1.687774510737419,Uree,sahelienne,7.3904805852669515,48.656910141315734,augmente,4,2,1,0
27.289822762664645,55.70007759534373,40.744319097870346,Limoneux,Sorgho,37.925182220846295,0.0,0.0,Uree,soudanienne,6.958268120460511,30.348582590610484,augmente,4,2,1,1
22.82388605094351,57.32337916076648,42.822686583577415,Sableux,Sorgho,41.4301794697758,0.0,0.21782038421005978,Uree,soudanienne,6.420625268487832,84.14731251372336,augmente,4,2,2,1
31.10769100079247,51.16030636508576,18.76791261281579,Sableux,Mil,39.481702541215526,2.6213755716335054,0.6100953796236555,Uree,soudanienne,6.465127339129589,139.43325085807007,augmente,3,2,2,1
33.955239049551146,57.482760490854965,44.76434404451796,Argileux,Coton,36.98014114021459,0.0,0.0,Uree,soudanienne,7.566161523730457,10.92206064269381,augmente,1,2,0,1
32.46980723598948,57.24579353087672,39.78298045347438,Argileux,Mil,37.87830693966088,0.0,0.0,Uree,soudanienne,6.244648495975528,94.32527303905233,augmente,3,2,0,1
30.054415595657186,58.23461171643844,50.553943488799504,Limoneux,Mil,39.194265708277335,0.0,0.0,Uree,soudanienne,7.274178358761311,10.0350700639948,augmente,3,2,1,1
31.24279065034198,70.42998572830653,35.64350806487604,Limoneux,Mil,36.83462177744562,0.0,0.0,Uree,sahelienne,6.570879501422116,62.68012020703271,augmente,3,2,1,0
37.678751943934955,63.17727199280397,39.70315585904379,Limoneux,Coton,38.0747356447864,1.498406586768781,0.0,Uree,sahelienne,7.734833776674977,49.20558032117584,augmente,1,2,1,0
27.14743763255969,53.81747494054865,33.40745380764445,Argileux,Sorgho,32.930114884252994,0.913887049950734,0.3898515579243431,Uree,soudanienne,6.512421468440471,10.993261367964413,augmente,4,2,0,1
30.436132602803273,55.8339806027985,39.67988315476144,Limoneux,Mil,37.99287534671312,0.0,0.0,Uree,soudanienne,6.258049459610627,188.94147633449634,augmente,3,2,1,1
28.866285473864796,60.343672653128834,26.055725700112234,Limoneux,Coton,38.44582024978156,0.8933382771387288,2.9706358984991277,Uree,sahelienne,6.833308869649013,13.532951507393616,augmente,1,2,1,0
25.93008571272607,59.47598621392072,58.98221070782995,Argileux,Mais,42.90092776252633,0.0,0.3907374440748031,Uree,soudanienne,7.975712926462354,74.19474251843381,augmente,2,2,0,1
29.246144925161293,65.96725446981716,41.26503893954321,Sableux,Mil,35.53989345939803,0.0,2.2961398387555767,Uree,sahelienne,6.941222257849665,64.79829949467779,augmente,3,2,2,0
31.898019558518634,59.08537184256147,46.109704867644986,Sableux,Coton,35.26163055821877,0.05172837247291939,0.0,Uree,sahelienne,7.6585789444734615,45.53651705035421,augmente,1,2,2,0
27.71932683307484,63.6973132610523,39.42680893300204,Argileux,Mil,36.85322513365288,2.2791933139951164,0.0,Uree,soudanienne,6.109988255881181,191.62762396089923,augmente,3,2,0,1
30.993149192077023,63.40810434059239,34.02168045320203,Sableux,Sorgho,34.95366334178081,0.0,3.1213628837886875,Uree,sahelienne,5.629143392786602,30.90301641164362,augmente,4,2,2,0
27.496665175345353,58.387892917603985,45.162496458188635,Limoneux,Mil,34.71110005052441,0.0,0.0,Uree,soudanienne,6.611781942145839,196.66815368284531,augmente,3,2,1,1
28.5042047400327,59.45004089542742,36.156963076179494,Limoneux,Mil,39.736495836028126,2.446886711179017,0.4195435715789678,Uree,sahelienne,7.348952943054357,67.32976060342193,augmente,3,2,1,0
25.9130286516372,53.47098932589481,43.06743939939706,Limoneux,Sorgho,35.682572704668836,0.0,1.9305730477822642,Uree,sahelienne,6.224319959345537,17.083428359227312,augmente,4,2,1,0
30.03734943955688,53.06203326610773,34.08535667937281,Argileux,Mais,37.30630641946935,0.0,0.4698380381809127,Uree,soudanienne,6.7648145003659845,171.6645877757716,augmente,2,2,0,1
29.276512789027215,58.62826551246967,41.009139193791455,Limoneux,Mil,36.32672706766634,1.8046543892057105,0.2471898649524018,Uree,soudanienne,6.323448173255189,153.24909455207577,augmente,3,2,1,1
33.32531171044108,64.12719045618731,56.09262614108734,Sableux,Sorgho,37.52232173330827,0.0,1.4910952677060956,Uree,sahelienne,7.787746136225074,60.143853086954636,augmente,4,2,2,0
30.769383187852288,68.43359847833496,50.98961492474959,Sableux,Sorgho,34.6359382664793,0.0,1.5058909862719516,Uree,sahelienne,6.796869617786774,18.62868455008754,augmente,4,2,2,0
27.839787234649208,53.24900899586027,41.002706165838,Limoneux,Mil,38.39517101770003,0.0,0.0,Uree,soudanienne,7.819364332688519,141.52411714810705,augmente,3,2,1,1
27.897745883983116,60.10525269410466,52.491228990430116,Limoneux,Mil,39.43212255888842,1.0883525767627058,0.4918457115515015,Uree,soudanienne,7.116018438070222,105.74146397681052,augmente,3,2,1,1
25.11867186749799,60.73712947474325,35.15286539178649,Limoneux,Mil,38.13785077136581,0.0,0.6339190406146875,Uree,sahelienne,7.487528842321176,8.345046988150573,augmente,3,2,1,0
28.03366525828829,59.51005842997807,43.507440853289616,Sableux,Mil,34.07904947815303,3.2673114446846085,0.4724479049933894,Uree,sahelienne,7.0651367724520036,8.991762174081037,augmente,3,2,2,0
29.805129280201747,64.31790814050792,45.21364101930209,Sableux,Mil,37.62972781948411,0.0,0.9214470990917377,Uree,sahelienne,7.27587875178083,58.87363250991591,augmente,3,2,2,0
32.89064711939036,61.154948056150815,51.402281605357516,Limoneux,Coton,36.73650353953401,0.0,1.7280896946228965,Uree,sahelienne,7.118355335932728,52.01497331565227,augmente,1,2,1,0
28.937982503850662,56.86934379123792,58.24547047327858,Sableux,Coton,37.3853582854376,0.0,1.7307547110321502,Uree,sahelienne,5.637753837897078,37.52199517743068,augmente,1,2,2,0
23.96044774126772,65.55090057735066,32.38231739165371,Argileux,Mil,38.83708041376624,0.0,0.0,Uree,soudanienne,7.155580395823982,53.628645922384166,augmente,3,2,0,1
30.97472315463926,58.098904839041126,50.48019774025356,Sableux,Mais,37.78194659122219,0.17408593552865315,1.60218633006538,Uree,sahelienne,6.648259220532685,53.661202035442855,augmente,2,2,2,0
31.640175119286432,51.96724070830095,43.92136366805553,Argileux,Mais,40.48355099906289,0.0,0.0,Uree,soudanienne,5.754696910348891,164.10150084642183,augmente,2,2,0,1
24.51045702289324,59.72588947654964,39.14145736146697,Sableux,Mil,37.979736139460265,1.8863174387786683,0.9548138340829591,Uree,sahelienne,6.9560876922207395,15.058575981523648,augmente,3,2,2,0
31.042928367928322,52.96270617978523,30.204667631504947,Sableux,Mais,40.440608181760844,0.47452310164848815,2.028242417900758,Uree,sahelienne,6.99086624374194,2.1286692862147305,augmente,2,2,2,0
32.006966489491255,54.39679905922141,38.93173164561471,Limoneux,Coton,41.1771585741728,0.8326075614161902,0.0,Uree,soudanienne,5.8246425335447025,171.72002139649965,augmente,1,2,1,1
31.764693398349294,62.94092489170791,46.48537113441646,Limoneux,Mil,38.94749604541527,2.054106975765698,2.0719769357071294,Uree,soudanienne,5.640534763649696,170.17055146441908,augmente,3,2,1,1
28.923897767182126,61.32025840376908,34.745521546660854,Sableux,Coton,38.72402205474602,0.0,0.12624452983130183,Uree,sahelienne,5.939725708546655,39.54966488366065,augmente,1,2,2,0
30.231017793503575,60.69719567858008,33.514759301740554,Limoneux,Sorgho,39.12366293049404,0.0,1.4098347533013906,Uree,sahelienne,6.082197865379538,54.67435321258164,augmente,4,2,1,0
30.100866600329066,53.59242876465934,32.756375023685486,Argileux,Coton,37.446376706434364,0.0,0.3666349351985801,Uree,soudanienne,6.386370522071519,50.46454885274905,augmente,1,2,0,1
30.030844251717987,52.81386497937858,51.27786930372996,Sableux,Mil,39.611028912737225,0.42498718907605354,1.052421081840598,Uree,sahelienne,5.970756312292766,7.441392741013999,augmente,3,2,2,0
31.75741997979629,65.43603098957593,30.83852266864859,Argileux,Mais,40.81802186354172,0.0,0.0,Uree,soudanienne,6.843189184170095,136.53423049255187,augmente,2,2,0,1
32.897492144099864,61.222334148686144,34.211885267686306,Argileux,Mais,38.26769480059582,0.0,0.2688245448520456,Uree,soudanienne,7.185733934250061,197.12014679056006,augmente,2,2,0,1
30.47296330038963,66.31722771287494,29.91099945235658,Limoneux,Mais,38.035034481975096,0.22110501885442374,0.20334839814847627,Uree,sahelienne,6.5753568302420655,24.829671128649604,augmente,2,2,1,0
30.06514418367315,60.77256639056784,39.91795376475721,Argileux,Mais,39.0324529039341,0.9349026662964959,0.0,Uree,soudanienne,7.08294668723943,51.43047022181917,augmente,2,2,0,1
29.365868499495193,62.210725604374986,31.23119908790859,Sableux,Mil,40.982909383705774,0.0,0.44527836660453046,Uree,soudanienne,6.512992856438324,21.490110525781624,augmente,3,2,2,1
26.75483318384163,65.96148661405519,42.079253727411796,Argileux,Mil,39.794191726025296,0.0,1.363949829492721,Uree,soudanienne,5.839364632749753,192.8706468071973,augmente,3,2,0,1
33.51931877626151,57.461370702321034,36.1118429274771,Sableux,Mil,37.84919777886646,0.0,0.0,Uree,soudanienne,7.9534583356032,83.23218928123156,augmente,3,2,2,1
27.44596733492476,58.69760733575334,48.86456041057783,Sableux,Mais,37.34040053239606,1.3305868578886457,0.33515213383643616,Uree,sahelienne,7.607363706140493,56.68668366142602,augmente,2,2,2,0
28.501815779811643,59.43893320941545,42.04284106144385,Limoneux,Mais,40.827956356820685,0.0,0.0,Uree,soudanienne,6.686333906556102,86.41345701332355,augmente,2,2,1,1
33.93280232453105,53.28640117398029,39.718704541651576,Sableux,Mil,37.97348690602637,1.49996398801108,2.6161062312440313,Uree,sahelienne,5.7338985172808385,69.88274113961717,augmente,3,2,2,0
30.29069506670093,57.40398807008624,51.09014850747468,Sableux,Mil,36.78157367298829,1.837513530453958,0.0,Uree,sahelienne,7.405903034267932,0.6895202073424223,augmente,3,2,2,0
29.92833509205754,56.46733012309336,57.16909770183338,Sableux,Sorgho,40.43402421078761,0.0,0.0,Uree,sahelienne,7.330548015780556,65.05136035853803,augmente,4,2,2,0
33.619412768541835,61.716967605324314,38.47121395975529,Sableux,Mil,39.51967157049563,0.0,0.0,Uree,sahelienne,7.173170729377087,39.03201562234415,augmente,3,2,2,0
30.590616593527287,57.60308938875369,54.197077465470485,Argileux,Mil,34.719157101284885,0.0,1.302369376316386,Uree,soudanienne,7.29674816493199,98.47340974024978,augmente,3,2,0,1
29.84985940895589,69.76475518365838,46.86148338185441,Sableux,Mil,38.87294455616698,0.0,0.5873533467741766,Uree,sahelienne,6.85735111122332,30.065697520635275,augmente,3,2,2,0
28.895807394921597,62.3063113302115,40.5642008764856,Limoneux,Mil,41.04091362277214,0.0,0.0,Uree,sahelienne,7.27605453753103,41.38177358034484,augmente,3,2,1,0
30.800588989108597,52.45999857638092,48.4027044294524,Sableux,Mais,36.13279164887689,1.5320875504350155,0.0,Uree,soudanienne,7.293903456621339,134.68394578228654,augmente,2,2,2,1
28.251201075082037,53.5607784443683,47.81894978280337,Sableux,Mil,37.94577324086581,0.0,2.3536555053073664,Uree,sahelienne,6.097494200528878,32.890182260750336,augmente,3,2,2,0
30.99238497663064,60.88676377953069,37.472198109682786,Sableux,Mil,36.06673328931497,0.0,0.0,Uree,sahelienne,7.040726870885361,49.803759236982536,augmente,3,2,2,0
29.863810222608414,65.73639249921435,37.687639613964194,Sableux,Mil,39.567304287515256,0.9247656378232915,0.9237816401706586,Uree,soudanienne,6.709693161410648,181.55224873003573,augmente,3,2,2,1
28.659078282947643,56.41949078982193,48.734494473215015,Sableux,Sorgho,39.24900328550683,0.8762492350707076,0.906090461973739,Uree,sahelienne,7.88065019590581,11.992740259771173,augmente,4,2,2,0
31.690606234204605,58.85782053791118,39.27900133268727,Argileux,Mais,39.669479304592265,0.17887865312542123,1.6114515209546707,Uree,soudanienne,6.648907443763805,14.44263706703759,augmente,2,2,0,1
27.509951215882005,59.39836339502727,40.91003762743003,Sableux,Sorgho,38.204433798669804,2.541611670965807,0.6507639511377823,Uree,sahelienne,7.032790597673104,76.98704459849654,augmente,4,2,2,0
31.627920249684077,58.735338477819056,45.61025555448545,Argileux,Sorgho,35.89761844402845,1.1223916510795433,0.8301938887041953,Uree,soudanienne,6.6373921993193425,26.494131268385313,augmente,4,2,0,1
29.181386671286113,60.679039557243215,36.129875094502616,Argileux,Mais,38.06532897652991,0.0,0.9354932510686752,Uree,soudanienne,5.752914049032758,71.21345982382896,augmente,2,2,0,1
31.312642292802888,53.773191783375225,44.15400413999743,Sableux,Mais,36.069285233461656,1.070144208873949,1.075111372503196,Uree,sahelienne,6.56885463839928,56.02783110932556,augmente,2,2,2,0
32.310744179535064,58.97821731297711,47.55595823233733,Argileux,Sorgho,40.82180333142015,0.042485366079150114,0.036572015752197616,Uree,soudanienne,6.48547623649977,98.5965420916178,augmente,4,2,0,1
27.463014790234848,72.45331881427254,39.2609658267008,Argileux,Mil,38.86782303527661,0.46650188269115644,0.0,Uree,soudanienne,6.095843026569993,97.29655314648457,augmente,3,2,0,1
29.13771484418628,58.46887049528624,40.75295767288661,Sableux,Sorgho,36.76571284664773,0.0,0.0,Uree,soudanienne,6.860271559848671,71.31178423537774,augmente,4,2,2,1
25.718877615658375,55.04555231052451,47.70403067580622,Sableux,Mais,35.84265022982849,0.0,0.0,Uree,sahelienne,7.27324031785192,33.51463823871568,augmente,2,2,2,0
31.399150498487977,57.02559357441518,49.59777987381052,Sableux,Mil,35.85452214629452,0.48009092081806326,0.0,Uree,sahelienne,7.306708936186217,72.47293369877181,augmente,3,2,2,0
30.908775620358586,59.14826360068472,48.98788056274572,Argileux,Coton,36.83586220149478,0.0,0.0,Uree,soudanienne,6.174356164684418,131.78036131497143,augmente,1,2,0,1
34.435960167483806,54.68955060530956,37.85914700835888,Sableux,Sorgho,37.68011429422003,0.23250888852118054,0.0808581484686584,Uree,sahelienne,6.211686847116159,60.504807758423524,augmente,4,2,2,0
31.72727719243399,47.875778673851094,37.287948940978325,Argileux,Mil,39.6022075025997,0.0,1.8661928730708035,Uree,soudanienne,5.771000931791557,156.63200580558058,augmente,3,2,0,1
31.96962074803715,55.55630667122727,42.456281455987025,Limoneux,Mais,42.5874356013756,0.0,0.17642802973545085,Uree,sahelienne,5.6572686900450595,2.5976617353398623,augmente,2,2,1,0
27.893509119895025,55.304680369050516,30.051064805186993,Argileux,Coton,38.59973804591202,0.0,0.0,Uree,soudanienne,6.136659414724905,81.48157627093708,augmente,1,2,0,1
33.77851885936572,71.6517035608608,51.98054510833703,Sableux,Sorgho,37.39848980813758,0.24145754180011117,0.07137235909486302,Uree,sahelienne,5.927034265765527,25.505385829840375,augmente,4,2,2,0
34.10857625998689,54.480820677611675,46.144305447938656,Limoneux,Mil,37.13267003373755,1.5485216384403266,1.5900515432487026,Uree,soudanienne,6.1086065419135265,41.86121516684172,augmente,3,2,1,1
30.945786638461065,53.680524681416806,27.083754618219025,Argileux,Sorgho,39.71781401662386,0.0,0.0,Uree,soudanienne,5.628060741010783,24.66369821505845,augmente,4,2,0,1
27.352091965785313,53.608915555562035,38.664647471869905,Argileux,Sorgho,39.575689655576795,0.9660648324446307,0.0,Uree,soudanienne,7.496133762627976,38.07635725940695,augmente,4,2,0,1
24.969841165314683,59.28851498530148,49.50431326251527,Sableux,Mais,36.744707054426215,0.48549949799971825,2.1313219083468384,Uree,sahelienne,5.936246215994888,67.45158920237964,augmente,2,2,2,0
34.22234707630079,60.956116459587676,37.53678664972481,Sableux,Mil,41.369298977414275,0.4883890024501647,0.9398267196896196,Uree,sahelienne,7.3002783337873645,37.1047859739501,augmente,3,2,2,0
32.75473265560684,63.557403296813014,46.108934759193254,Limoneux,Mil,38.271391305291864,0.0,3.4320582732299316,Uree,sahelienne,6.038657268189326,68.12297375183405,augmente,3,2,1,0
26.272077627467752,61.6529184301379,40.14219021608463,Argileux,Mais,38.36932297683408,1.967984589501893,1.5722930284319059,Uree,soudanienne,5.664065220444544,118.1732534790229,augmente,2,2,0,1
28.938218189972964,66.34414797947318,45.17483829486772,Sableux,Coton,40.21316778791503,0.0,0.7822835834224462,Uree,sahelienne,7.284018415658679,45.50501891470983,augmente,1,2,2,0
27.318057707181634,58.112792687895165,44.67841647877401,Limoneux,Mil,38.27055619052987,0.8049445897979949,0.0,Uree,soudanienne,7.670245399667657,70.03730486639222,augmente,3,2,1,1
22.234089320632194,55.9674916370652,53.48926454382256,Limoneux,Sorgho,40.23128608993796,0.0,0.0,Uree,sahelienne,6.6078183633072864,29.387241222182396,augmente,4,2,1,0
33.788178114960225,61.989195794441784,41.47909715052978,Limoneux,Arachide,11.262346449240203,0.0,23.846780824788674,DAP,soudanienne,7.308836433327722,129.5440108841224,augmente,0,0,1,1
30.64745950006498,56.724164950911884,18.94294842050211,Sableux,Coton,17.86745426468976,9.630296244978043,27.244664540392904,DAP,sahelienne,5.631774474633597,57.37451576374062,augmente,1,0,2,0
30.001091785947757,52.571810877185854,39.65326947476444,Argileux,Mais,12.315174416929409,1.6900196023540195,28.817663948519186,DAP,soudanienne,6.118657453082866,130.1943490437089,augmente,2,0,0,1
32.086723299611,58.18040123996399,43.16701412508977,Argileux,Coton,9.846298434491413,4.497501782019455,31.90519317789585,DAP,soudanienne,6.92307553022862,193.68382610008157,augmente,1,0,0,1
29.205241519801426,59.85149523111791,26.981194039101823,Argileux,Arachide,10.672868987296528,8.400225492655931,31.166658195698894,DAP,soudanienne,6.6386639300159045,71.35409806985025,augmente,0,0,0,1
30.748918266042768,61.74368965572293,51.94878959309652,Sableux,Coton,11.517636701091256,11.579798665460771,34.80325131053842,DAP,sahelienne,6.825130848030952,19.732515747582227,augmente,1,0,2,0
26.501144928036027,59.92176648107673,34.83391076053339,Argileux,Arachide,14.367955094984254,8.31957098915318,34.74296340899378,DAP,soudanienne,7.375402082386502,198.1285474344358,augmente,0,0,0,1
33.631545946547945,59.69000087659329,45.80286446277655,Sableux,Arachide,8.610827597177833,0.0,34.29404882944248,DAP,sahelienne,7.6834027946035945,71.08794243497219,augmente,0,0,2,0
30.084501481600746,59.312142030492325,53.40053979088401,Limoneux,Sorgho,12.06687357941679,6.361182807439345,30.64912780216557,DAP,sahelienne,5.997892243992667,30.844200119333543,augmente,4,0,1,0
31.12819644923567,58.71510992016469,26.717761619047565,Limoneux,Arachide,11.053090861120499,6.273693719140064,27.089841629414217,DAP,soudanienne,5.8922565603653005,153.36977956355463,augmente,0,0,1,1
34.212173030887136,62.20475010630008,57.70501760344378,Sableux,Coton,10.787403406988243,6.799117581417194,31.803552377497848,DAP,sahelienne,6.8817597251138505,10.091012641292165,augmente,1,0,2,0
31.39823546386356,57.3663625898734,42.68310644314254,Argileux,Coton,10.499520770782727,3.972832542221276,34.6968616115147,DAP,soudanienne,6.879219919516155,199.36985685628798,augmente,1,0,0,1
30.304779862315037,64.71335759375741,31.74973944830345,Sableux,Arachide,6.779704698794143,15.432110604211687,30.799386560137926,DAP,sahelienne,7.871976244229796,64.91727513213453,augmente,0,0,2,0
34.280076399206195,60.83928290269219,50.991347026780446,Argileux,Coton,12.058761667330488,12.667956660602265,34.64170396792484,DAP,soudanienne,5.792661032454657,25.37456561261866,augmente,1,0,0,1
32.749313779640026,68.25981709639971,37.0639323335087,Limoneux,Arachide,10.181671873775855,0.0,30.676942122350184,DAP,sahelienne,7.009481893215295,32.86531164539422,augmente,0,0,1,0
33.00644400027043,60.46409697541125,34.6673467120859,Limoneux,Mais,9.463899963388455,1.210524033607709,27.363035207138896,DAP,sahelienne,5.524923086836297,64.610069565038,augmente,2,0,1,0
32.56349505032136,53.536967264867364,43.4501651250565,Argileux,Arachide,11.379097973984047,10.80004563001824,34.059413863357484,DAP,soudanienne,7.613324939221817,196.15223487777033,augmente,0,0,0,1
34.27111536295922,61.55893128510344,54.9142431788722,Argileux,Arachide,11.872549008150582,2.9032396473995004,28.81034825417377,DAP,soudanienne,7.754078073715901,1.8196362561551993,augmente,0,0,0,1
28.874395170176022,63.03533624351,37.66545081736559,Sableux,Arachide,12.160621645661882,8.009476886158192,46.150659445343756,DAP,sahelienne,7.918320278383675,39.58607612804371,augmente,0,0,2,0
29.37708507688459,72.22956782730735,49.44019951331233,Argileux,Arachide,7.344088994174957,6.305628025348369,19.141199017929367,DAP,soudanienne,5.521238946518023,142.60285837234815,augmente,0,0,0,1
27.683990541528626,58.81722667572345,33.013419688070094,Limoneux,Coton,8.354392588968238,0.18238211586617492,33.528176475120794,DAP,soudanienne,7.242532534835657,77.29251286558704,augmente,1,0,1,1
27.34279774066475,65.17733324991838,44.736464826560386,Argileux,Mais,11.439607264275324,7.476023368173059,26.482386119840346,DAP,soudanienne,7.854763968151051,17.323952170938806,augmente,2,0,0,1
29.61158745855654,52.34148900953855,38.669254510864455,Argileux,Arachide,8.683278176877447,6.034070686842971,35.10846511648515,DAP,soudanienne,6.460047684912396,149.7998034809914,augmente,0,0,0,1
38.16760901880986,52.96290052611779,55.22595238408498,Argileux,Arachide,10.946065518073242,5.418857546523281,37.95990652671857,DAP,soudanienne,7.517767550798782,23.349580553759107,augmente,0,0,0,1
32.706736360477144,62.00814716443021,37.887007681410296,Sableux,Mais,9.840987665297733,8.406527144449374,33.852408622610525,DAP,sahelienne,5.999174345101617,40.13593328051399,augmente,2,0,2,0
31.760559948450595,62.69904464117662,38.22377545522795,Argileux,Coton,9.26050131511348,0.0,40.0184890567778,DAP,soudanienne,7.23219606924163,139.90557408051438,augmente,1,0,0,1
34.67950135181206,61.50594042689853,51.31318144435237,Sableux,Mais,11.056597182879715,17.39272811712858,22.56369131314952,DAP,sahelienne,5.713506210727185,60.508484379490746,augmente,2,0,2,0
30.726117047859265,62.093496540479485,49.54882360046779,Sableux,Arachide,9.52639025320379,9.003981887331594,37.17159098786532,DAP,sahelienne,7.64745136780555,69.19959809662211,augmente,0,0,2,0
28.07881888220727,58.826940144124585,35.57394703827157,Limoneux,Mais,9.107625988440455,0.0,26.288438026544842,DAP,sahelienne,6.930709536355003,27.737500898872895,augmente,2,0,1,0
32.58854972152852,59.05166702259374,34.27530755342061,Limoneux,Arachide,8.357055905524838,12.553063291855743,27.311065113881188,DAP,sahelienne,7.519255922610142,5.060272711894367,augmente,0,0,1,0
38.593263071449805,55.266750241538126,49.926367898701365,Sableux,Arachide,6.920849402047766,10.155507713485981,39.82592388690162,DAP,sahelienne,7.6610074679859945,55.53053231809895,augmente,0,0,2,0
28.23216746559693,61.94496922062245,56.49969789973641,Argileux,Mais,11.816459792933083,0.0,35.88655643975819,DAP,soudanienne,7.352208016804964,71.10595943040153,augmente,2,0,0,1
28.68797100889675,66.67419896908531,41.26028517996534,Argileux,Sorgho,14.241769282052145,8.71543685631227,21.932202458789828,DAP,soudanienne,7.824804407864162,132.29324106473038,augmente,4,0,0,1
32.00973729538499,56.9772794152181,41.25332669634552,Sableux,Mais,12.205576956024238,0.9770935016075768,33.36227929482741,DAP,sahelienne,6.59445369324905,23.295716399729933,augmente,2,0,2,0
31.81452217653233,57.72253963316635,40.34992811981518,Sableux,Arachide,9.596632591411545,12.89937163505823,26.36925568629967,DAP,soudanienne,7.903859307202774,91.92655087129205,augmente,0,0,2,1
31.545238116281656,61.48450718919849,33.31190195039837,Argileux,Mais,7.805034446208615,3.8265539579432715,35.740790712658715,DAP,soudanienne,7.654609558237075,198.91285133690496,augmente,2,0,0,1
30.56178974474414,61.850796538742244,54.862113233699226,Sableux,Arachide,11.478693046923732,0.0,28.079285854711507,DAP,sahelienne,7.998018247358602,22.436405180804428,augmente,0,0,2,0
30.41905490080764,57.32426855443882,39.65041548127432,Argileux,Coton,12.576337488940629,2.6548618862181503,34.331931857114434,DAP,soudanienne,7.675062313800414,32.94617921621234,augmente,1,0,0,1
25.063224654438415,51.6526659364377,43.28845160701722,Sableux,Mais,9.45301376151189,15.27465551363072,29.77406185580919,DAP,soudanienne,7.323100622743921,187.7438603955726,augmente,2,0,2,1
26.748389663070988,59.114903589185225,23.399314812612364,Argileux,Arachide,13.490058603791452,7.321186149296144,26.215071050483658,DAP,soudanienne,6.2139490405965905,62.56892560113363,augmente,0,0,0,1
30.424264340375327,58.48140174330622,58.811870239260344,Sableux,Arachide,9.803380812772588,0.0,40.2912293628453,DAP,sahelienne,6.334260518939075,61.91960698352072,augmente,0,0,2,0
29.8561469941335,59.9821354458101,61.45220559876114,Limoneux,Arachide,10.00152610062646,14.019779498927118,29.216912983258702,DAP,soudanienne,6.8008090654784645,193.15408877685744,augmente,0,0,1,1
36.04107409013898,64.50145689614641,43.18029451191344,Sableux,Coton,8.80655523189169,2.919260794534268,25.703601746362278,DAP,sahelienne,7.760284151198762,29.331016007716517,augmente,1,0,2,0
28.10474046217532,65.63116121951118,28.208474291216948,Sableux,Arachide,9.388532261182792,0.0,45.516477493614744,DAP,soudanienne,6.18797552943369,126.77789236648837,augmente,0,0,2,1
30.15955645013588,63.108883838187516,43.858149047459875,Limoneux,Arachide,5.519617838410314,7.933625969135122,23.91227872947083,DAP,sahelienne,6.7576815006790225,49.600106678192674,augmente,0,0,1,0
29.376734697547395,64.663741222399,35.25818390714842,Limoneux,Sorgho,6.925130960466671,4.728685717597472,35.30606133508353,DAP,sahelienne,6.014718276916499,37.23895779517595,augmente,4,0,1,0
27.91897972108344,64.87987567399183,42.03946401582358,Limoneux,Sorgho,8.84706762590943,0.0,31.75613786020855,DAP,sahelienne,7.8250134444776815,39.33903544151916,augmente,4,0,1,0
33.52337622345038,62.58523376993652,46.538137465517956,Sableux,Arachide,6.616853141983905,3.986346252470572,23.100677610840062,DAP,sahelienne,6.707665612983257,78.22829548014253,augmente,0,0,2,0
30.65518528266954,54.58818406790542,60.60119883120258,Sableux,Coton,8.141798770972215,3.3433706266593326,36.39030063519549,DAP,sahelienne,7.8360269864280365,16.82209423214891,augmente,1,0,2,0
34.12861035423333,54.3138858592881,53.78899221132025,Sableux,Sorgho,10.026517759999356,3.6596260943246897,40.129418239196966,DAP,sahelienne,5.733800308994773,10.300354989444438,augmente,4,0,2,0
31.22203175188376,62.01978222263868,45.438774178568366,Sableux,Mais,13.025093320593578,2.2283033673230657,18.907025560811128,DAP,sahelienne,7.182520415721692,45.30583041332257,augmente,2,0,2,0
27.63614059710696,63.49474750385833,21.67554169821021,Argileux,Coton,11.321163580530563,4.679002538667693,14.721894721188121,DAP,soudanienne,7.193251715839148,191.19601176521445,augmente,1,0,0,1
30.19590578974757,58.83351595757733,53.14806948493223,Argileux,Coton,10.619631266540196,8.562808654622433,26.97043700682539,DAP,soudanienne,7.151174303411078,39.785955959007666,augmente,1,0,0,1
30.133154958016178,63.006742781374214,49.12575431707268,Limoneux,Sorgho,13.32151988685774,0.0,41.69119927526761,DAP,sahelienne,5.597032369529505,42.928600741101945,augmente,4,0,1,0
24.12944202788699,59.665258643259214,41.53348439487164,Argileux,Sorgho,9.065208264684292,10.78896041722889,24.788982895568545,DAP,soudanienne,7.821269379859446,133.40737142507078,augmente,4,0,0,1
30.102254888080186,57.593376360262894,55.16781547053506,Argileux,Arachide,9.224601336001081,6.8525981647848155,34.373988874455975,DAP,soudanienne,6.442026569435531,0.04820093702690986,augmente,0,0,0,1
29.55409877975972,65.7511358855989,43.0789362019904,Sableux,Mais,12.177751699439458,2.9474396238093203,26.040177762221177,DAP,sahelienne,6.10337425959375,28.512378867973176,augmente,2,0,2,0
31.258427126001045,60.56318610344111,44.13354808397631,Limoneux,Coton,11.44305559745136,13.261301364336108,27.829823273533194,DAP,soudanienne,5.880570534792167,56.85765781909187,augmente,1,0,1,1
26.56075842835571,69.89920626237287,47.63075071069076,Limoneux,Arachide,13.361664000595196,5.19232717216604,29.193389995649397,DAP,sahelienne,7.459929626263974,51.68375552772768,augmente,0,0,1,0
31.180286720790495,64.1779810895921,43.43660241058643,Argileux,Mais,13.933594933626347,2.2750494303301916,38.31078334432611,DAP,soudanienne,6.70949224145699,23.949357700106376,augmente,2,0,0,1
33.23597235574957,61.92744026744186,32.983086897891525,Argileux,Arachide,10.361288109099458,9.972096865502465,38.52223095210514,DAP,soudanienne,5.585744753258279,30.96853632404548,augmente,0,0,0,1
29.01400413287607,62.03561916644237,30.2259208096464,Limoneux,Arachide,15.253257218705471,0.42106087275688875,31.583176132984075,DAP,soudanienne,7.093511530652959,147.65910209566152,augmente,0,0,1,1
35.63368611771868,58.190655845487264,40.41339643858471,Argileux,Arachide,8.660808173391345,0.0,39.154244455068536,DAP,soudanienne,5.727338624782603,137.85586424516742,augmente,0,0,0,1
33.22257171035498,62.89092410539873,39.701102991680926,Argileux,Coton,13.201636768665946,7.978312484012266,22.269938207492583,DAP,soudanienne,6.539784135743774,183.65700707599154,augmente,1,0,0,1
36.27269895658931,65.3892304471908,43.87876225032609,Argileux,Arachide,12.543218646150521,6.459386629467705,35.773058903609474,DAP,soudanienne,6.525059466854358,14.092135533391659,augmente,0,0,0,1
29.995310766044142,60.46542554542701,30.468635320715904,Argileux,Mais,10.0685349942484,7.192238825335904,44.340286983121885,DAP,soudanienne,7.3463475986897695,125.25185493248534,augmente,2,0,0,1
32.12522020463186,57.15313603798152,50.007360613940044,Sableux,Arachide,8.418882792721224,10.91303852018605,32.5105621545719,DAP,soudanienne,6.607599941587902,153.99472364132018,augmente,0,0,2,1
35.007334909293874,51.96519839513849,38.98337030322137,Limoneux,Coton,9.478173111290392,9.17949991937244,32.01911713234152,DAP,soudanienne,6.952421466578981,82.18658099255165,augmente,1,0,1,1
34.4694895146448,56.73145646033654,34.904034072129896,Argileux,Mais,9.838929713339802,6.70325419696126,30.697837406056838,DAP,soudanienne,6.707535282109876,75.66951633652938,augmente,2,0,0,1
33.14329468336775,53.51521215216941,43.03445744856498,Sableux,Arachide,10.909499034533578,6.191024324872411,27.01075955822392,DAP,soudanienne,6.523902318156273,154.24496305808074,augmente,0,0,2,1
31.41202588337409,57.79297535967162,71.1453628962287,Sableux,Coton,5.928487378721363,13.438688863133708,47.57340149455833,DAP,sahelienne,6.7623320102235,65.01863234437435,augmente,1,0,2,0
28.115597294140134,58.084722308416026,35.58132425020468,Sableux,Coton,9.90728070232982,8.995267072404665,31.90174112647226,DAP,sahelienne,6.516591317212426,63.57303139183112,augmente,1,0,2,0
28.323681864938017,68.43015015867303,48.17966668135081,Argileux,Arachide,10.454082948899714,0.0,33.667843383187005,DAP,soudanienne,7.84426153844842,189.21512361376628,augmente,0,0,0,1
31.210441617306547,58.02038608447432,42.20016409550691,Limoneux,Coton,11.865136854556157,4.560970921452143,30.496508493198984,DAP,sahelienne,6.859694802902794,37.8747946875239,augmente,1,0,1,0
28.3547979758427,64.56675981536324,46.9226239314859,Argileux,Sorgho,8.33593675038075,16.48010721278449,32.09716082058009,DAP,soudanienne,5.907256636193485,170.67914670738833,augmente,4,0,0,1
31.488451090243643,53.349220721770564,39.255724570791195,Argileux,Mais,9.564876953250023,9.713382519741216,27.509892925132256,DAP,soudanienne,5.976033740062276,0.08030880506797455,augmente,2,0,0,1
30.63061183321288,61.306709282431804,42.4245347032278,Sableux,Sorgho,9.154922853054115,0.0,17.35994180482638,DAP,sahelienne,7.103949203108486,34.41407267554506,augmente,4,0,2,0
36.791008766484424,55.05864519533844,48.16518622553973,Limoneux,Sorgho,10.817533429923069,4.458287500961348,39.8422391251588,DAP,soudanienne,6.76017519937106,56.70143805418788,augmente,4,0,1,1
28.52358194639271,60.487652658070736,30.63807705116357,Argileux,Coton,9.316172986337206,7.345584684668331,31.423564788294108,DAP,soudanienne,6.410302642103764,25.80728177788498,augmente,1,0,0,1
32.00961915425074,58.039828127891056,41.092934614232576,Limoneux,Coton,12.714001115970266,2.61470920291189,19.30760312490471,DAP,sahelienne,7.973373785105098,52.392569851828725,augmente,1,0,1,0
30.81804425956233,63.84702843931056,34.601614375272064,Sableux,Sorgho,10.798047251117266,0.0,43.663387273575026,DAP,soudanienne,5.97284674081685,43.04876410019074,augmente,4,0,2,1
27.681353105080092,63.761807924623746,43.461723113011224,Argileux,Coton,4.7855861783119105,7.729219938889917,36.99047892886041,DAP,soudanienne,6.490693156229251,97.86454949502428,augmente,1,0,0,1
31.676152443344048,59.40418013945052,41.88853148828256,Sableux,Mais,6.191973108889627,0.0,33.44835073169276,DAP,soudanienne,6.740737813751599,33.68811022638305,augmente,2,0,2,1
25.14084422881524,60.38606795948472,54.846407523095195,Sableux,Arachide,11.23524549908362,10.000653768613281,43.819343428148244,DAP,soudanienne,6.433018422762817,115.82596080700982,augmente,0,0,2,1
28.90378515969682,49.67901377316854,49.77904692675918,Limoneux,Arachide,13.057888797702804,14.020517565155123,32.94434444761796,DAP,sahelienne,6.972025675390558,34.47864502778067,augmente,0,0,1,0
30.491815712766922,69.10953379151843,33.501595117074785,Argileux,Arachide,14.897139866016119,9.478471233473321,27.36948987980886,DAP,soudanienne,5.561743244215278,107.31563800572405,augmente,0,0,0,1
30.095413072177266,52.07873400579645,57.36897666473418,Sableux,Sorgho,7.50629727877958,10.674662636228646,32.72183900125982,DAP,sahelienne,6.40902862297516,53.56890052300141,augmente,4,0,2,0
30.289657698939447,60.4238282939535,56.018456030655976,Limoneux,Arachide,6.617088319674266,16.303009417210898,21.13743748010826,DAP,sahelienne,6.858514630495661,14.54467725335598,augmente,0,0,1,0
26.20183828495292,50.63656431069004,37.77658680834202,Sableux,Mais,11.822758006388572,0.9872224853348222,22.66779361664015,DAP,sahelienne,5.751549943056475,53.098748855515076,augmente,2,0,2,0
31.896744490936538,57.30124420204968,33.6940890208362,Limoneux,Arachide,6.821807743870847,5.292677832998787,30.519823437820186,DAP,soudanienne,5.818520179238573,15.028590635517315,augmente,0,0,1,1
32.3578036183904,56.9957157115946,46.156324577512855,Limoneux,Coton,13.480215366952702,0.9792862392221124,21.151187340818062,DAP,sahelienne,6.841025957700076,21.429886625395262,augmente,1,0,1,0
26.5100677952275,63.91751078884047,40.66514663343965,Sableux,Mais,6.782382488106582,3.6592525999397143,30.621170258587192,DAP,sahelienne,6.420738669139274,30.68276099471816,augmente,2,0,2,0
34.36655701560511,60.374747816964906,17.767609503089158,Sableux,Coton,6.328829588058008,12.079799186910943,31.779503233017724,DAP,sahelienne,7.1685388263345775,69.72414851665982,augmente,1,0,2,0
31.00560890632795,57.142835750464855,60.64634779524965,Argileux,Arachide,9.819754696236567,0.34431484283590574,15.076301326558532,DAP,soudanienne,7.903543944616434,161.49558713038178,augmente,0,0,0,1
28.177093176170946,66.35555172851205,44.55904853435971,Sableux,Sorgho,12.289546417088618,0.0,35.6854749835947,DAP,sahelienne,5.8127222745910085,44.5454688222646,augmente,4,0,2,0
28.747178196824365,58.12980930211855,51.39314001577374,Argileux,Arachide,12.787257604658581,0.0,33.167414598957095,DAP,soudanienne,6.098027720085547,11.276370770646317,augmente,0,0,0,1
26.81661981417097,66.3206460921212,65.22684030997465,Sableux,Arachide,14.492646620673183,8.634985891524929,39.41677775413115,DAP,sahelienne,7.10120823285553,6.771900286770318,augmente,0,0,2,0
33.19330699530382,55.72382382817588,25.805320845526825,Limoneux,Coton,13.401892004223386,6.260291964031141,37.775586920454906,DAP,sahelienne,6.484204714976532,4.897332651485762,augmente,1,0,1,0
33.70641649602425,60.13544369708587,48.96456535790066,Argileux,Coton,8.479060084053788,10.615653780240773,34.947129309161504,DAP,soudanienne,7.154924598626586,126.1177394617087,augmente,1,0,0,1
33.528567530138844,57.21194958291997,46.20377511051278,Argileux,Sorgho,18.43465873914115,11.076623254254567,35.40986164815117,DAP,soudanienne,7.3015407266592876,178.81990722123186,augmente,4,0,0,1
29.47795528752585,68.16912482822805,49.169297358111876,Argileux,Arachide,12.007757898337456,0.0,34.40835886466244,DAP,soudanienne,7.79160775673479,134.3558540509732,augmente,0,0,0,1
36.26031314384793,61.44070587646357,60.381407415948246,Limoneux,Mais,10.51927012880739,0.6761262169642546,26.205360513577112,DAP,sahelienne,5.685440488985781,67.19985785951543,augmente,2,0,1,0
31.766476549365315,65.90496652907615,30.794792826660867,Argileux,Arachide,7.77018284451046,9.049839905935965,37.08284355679106,DAP,soudanienne,5.9697589719960416,67.29007036350202,augmente,0,0,0,1
29.732745532832944,65.66455441903791,41.0647196688101,Sableux,Coton,6.670510910641566,3.13689222171411,19.290421370648765,DAP,sahelienne,6.914657683899049,55.249819366507325,augmente,1,0,2,0
32.40992784213604,71.9627942409759,40.202048966456715,Argileux,Arachide,9.911324293122682,11.446645602909733,33.14008991720621,DAP,soudanienne,6.313952831297529,133.4702326100792,augmente,0,0,0,1
30.110457918474285,57.5146552119526,23.92689152139477,Sableux,Coton,8.890893894899426,7.08386465723163,31.258975611456744,DAP,sahelienne,6.156733274700013,55.13146855842702,augmente,1,0,2,0
33.59105782495446,65.00699846802033,55.11338950088983,Limoneux,Coton,12.452321792716361,0.0,36.80485762846048,DAP,soudanienne,6.6924797884454374,7.67231095759493,augmente,1,0,1,1
27.48655621369023,64.08719067624222,46.843811588419946,Argileux,Sorgho,4.643792232836883,6.286756261312663,37.07280501300123,DAP,soudanienne,6.355835206152477,112.27116483786759,augmente,4,0,0,1
33.3230670092609,59.04038592361629,66.78894322308639,Argileux,Arachide,16.9296935637923,9.476862068334162,31.855178678634626,DAP,soudanienne,5.734143631518686,149.44492901771739,augmente,0,0,0,1
31.68125840248104,56.918742890425776,60.28945122350294,Limoneux,Sorgho,9.423271745203525,9.134648645445802,35.7925203018971,DAP,sahelienne,7.223835522263538,22.18067330793489,augmente,4,0,1,0
32.18670876568227,66.21541042670832,44.28608861877927,Sableux,Coton,6.919072773192112,13.453612548686882,41.481677564769775,DAP,sahelienne,5.583566332733054,18.965631293934244,augmente,1,0,2,0
32.137739718627415,62.494222534794275,45.39870422317883,Sableux,Sorgho,9.941049732295754,10.414921235480174,31.754984584533062,DAP,sahelienne,5.849301417447386,33.96580857487645,augmente,4,0,2,0
29.253415899107623,58.033825581542416,45.25101649847651,Sableux,Arachide,7.4052631081194615,6.727410768883084,33.034740509240315,DAP,sahelienne,7.009387859594033,58.87628484121424,augmente,0,0,2,0
34.28736444068905,56.378503356062865,47.47377471237291,Limoneux,Arachide,7.330014001525816,8.167220482482252,25.95993574611634,DAP,sahelienne,7.220294148015876,34.02851970159869,augmente,0,0,1,0
31.699482784931106,57.247082653066784,45.04891359438366,Argileux,Coton,11.670864456500585,4.403621953258535,30.80347855985754,DAP,soudanienne,6.478842749004073,131.88464936998326,augmente,1,0,0,1
36.41422267429338,56.15256469911844,51.28242421681002,Limoneux,Arachide,8.210532323846339,4.89458542837612,31.745553511618624,DAP,sahelienne,6.311095571587666,2.059392779777296,augmente,0,0,1,0
31.15229579312456,60.617379821756245,49.77067381200367,Argileux,Coton,10.392330187038038,11.402909221276786,28.429225306846025,DAP,soudanienne,6.354836233936816,4.878198622019347,augmente,1,0,0,1
33.72624187515586,58.48092160476717,36.8015160080833,Sableux,Sorgho,9.368571060916883,0.0,39.824574284283635,DAP,sahelienne,6.15868361423462,9.844169887225993,augmente,4,0,2,0
28.688516557686377,61.110066328175456,27.32834590656311,Argileux,Coton,12.10521753126915,8.671270370154803,30.520552120126155,DAP,soudanienne,6.133734383142976,181.1887935852529,augmente,1,0,0,1
36.11617332103755,63.90855696776358,23.757335579479307,Limoneux,Arachide,6.974254257095652,0.0,29.203840711775356,DAP,sahelienne,5.737641342081411,33.07726133681281,augmente,0,0,1,0
33.7588938452942,65.05254190032801,39.89931719751641,Limoneux,Coton,9.886956587471524,0.0,41.75622993156326,DAP,sahelienne,6.920797877694814,5.3792507241629295,augmente,1,0,1,0
31.23595283094865,65.13045314634496,49.631820389041025,Argileux,Coton,13.107797786399683,8.341642560883724,24.863403926811174,DAP,soudanienne,6.239382086550823,84.22378088681633,augmente,1,0,0,1
28.1824640601382,71.05709420804035,61.592485520418506,Sableux,Arachide,9.530181447333632,4.32745124316399,27.992604894916983,DAP,sahelienne,7.134444807390391,51.77778267182844,augmente,0,0,2,0
32.865974577973084,53.43298141734063,33.69353288863883,Sableux,Mais,15.716233455752821,0.0,28.30350388238488,DAP,sahelienne,6.500388182163498,40.2856059522844,augmente,2,0,2,0
36.592964884072586,63.047340407763265,39.67606906332096,Sableux,Mais,13.299643488114029,6.082616026442147,30.979324076681074,DAP,sahelienne,6.942551004226396,21.52958021104083,augmente,2,0,2,0
31.22174776037126,65.30407698332974,19.300939192697307,Sableux,Mais,9.133445278139286,13.17243345927007,38.24059079667528,DAP,sahelienne,5.623249156022925,19.583989840138074,augmente,2,0,2,0
33.906416651294016,57.95671772387885,47.91837704754529,Argileux,Arachide,9.73725102691131,1.1990847343845363,40.09426091133152,DAP,soudanienne,7.554503648135501,119.34459802124341,augmente,0,0,0,1
34.37027952743156,50.61298442156103,38.93153876606218,Argileux,Arachide,10.350629963841552,0.569195023181905,19.959501241064274,DAP,soudanienne,7.102515143301753,32.78405240938898,augmente,0,0,0,1
32.15302031276608,57.97716351382169,44.342947616033776,Argileux,Mais,13.84592579657146,10.419904043510048,30.525047722578805,DAP,soudanienne,7.734435469404862,133.86967015255922,augmente,2,0,0,1
29.114091104006548,60.340593624375366,38.39520479122865,Sableux,Arachide,8.333406028299207,4.1763621380028715,46.89605751262784,DAP,soudanienne,7.7377500726656105,127.4095107007255,augmente,0,0,2,1
31.807069077207345,64.85227322971927,53.121116647759315,Sableux,Arachide,7.23955156888218,6.561934608422344,32.26691904266963,DAP,sahelienne,6.000849552741106,55.0634398741804,augmente,0,0,2,0
30.635662879353006,62.734003612575634,52.80975051853238,Sableux,Arachide,11.966908078549185,9.837209190194049,40.722269771487156,DAP,sahelienne,6.07106463077105,25.18729243269883,augmente,0,0,2,0
34.46792583001242,51.88577608277268,52.71713083578795,Limoneux,Arachide,9.724477906941024,0.0,37.69465148881861,DAP,sahelienne,7.3913464587382665,55.48078696370563,augmente,0,0,1,0
28.210442325228215,60.00450202167704,58.380512205290465,Limoneux,Coton,15.499945569365778,2.0225732892748036,35.97273423936005,DAP,soudanienne,7.044317310154486,178.8182738515691,augmente,1,0,1,1
27.29089961122214,58.35495385013456,49.128820328152685,Argileux,Coton,9.306105852989406,13.28892745688687,28.382331789151316,DAP,soudanienne,6.811090864644373,70.69549502567575,augmente,1,0,0,1
29.894822382483493,58.87446100198835,52.23075989378243,Limoneux,Arachide,10.729363978157338,4.985913105421262,29.741173942624073,DAP,soudanienne,7.9326133737854025,53.65520409071134,augmente,0,0,1,1
30.81567515159403,60.835934538638156,43.7042031470137,Sableux,Arachide,7.952393020898215,5.644374456462255,30.616079067220706,DAP,sahelienne,7.503428838659092,26.905018200396444,augmente,0,0,2,0
30.31385641093762,57.980428812588904,23.340844281162806,Sableux,Mais,15.54209379450127,10.68370144738443,31.452856466476582,DAP,sahelienne,6.9266614474519725,33.1877480241276,augmente,2,0,2,0
36.3315597116659,59.57829746089672,19.972023546653762,Sableux,Arachide,8.9923118427973,9.935152494759537,40.46475515479591,DAP,sahelienne,6.284455358264322,17.104096853018625,augmente,0,0,2,0
27.368072242523812,60.82467179125775,47.25504266504034,Sableux,Coton,11.277772679906933,7.016458497857868,45.01361307618737,DAP,sahelienne,7.763304570940225,15.284149496694628,augmente,1,0,2,0
34.864220421931066,60.58196924057368,28.74991820880962,Sableux,Arachide,8.985814941281692,5.575172024422406,34.360017887061325,DAP,soudanienne,7.355775613834311,99.9236823997524,augmente,0,0,2,1
28.67100094969837,57.67017257794055,37.70926008129418,Sableux,Arachide,7.840440189764024,15.558376425229017,37.78514853532481,DAP,sahelienne,6.824584722405175,50.3124115938892,augmente,0,0,2,0
35.05917951670774,60.320329051787645,46.00816368228798,Sableux,Sorgho,9.3619606399011,8.971645064076144,34.88648714926527,DAP,sahelienne,7.203651531292929,31.699787745312477,augmente,4,0,2,0
35.11668695580107,62.92415166507582,41.57136625925525,Sableux,Arachide,8.642019960154014,4.295888275213682,37.74103716480355,DAP,sahelienne,5.555507032469626,73.68555890396651,augmente,0,0,2,0
32.721996022911,57.009327694832706,57.932352719225705,Argileux,Arachide,13.559536505746358,6.997647964506127,28.003354192244746,DAP,soudanienne,6.505736695190796,192.55696159614644,augmente,0,0,0,1
30.858559262840455,57.84822156724657,61.21179210113481,Argileux,Coton,4.428625941415422,4.326314424064373,28.388695286791656,DAP,soudanienne,5.986984506609817,160.51214963032558,augmente,1,0,0,1
28.74499634253898,57.22799600658418,38.34366806882156,Sableux,Arachide,6.801387700433175,11.111748693293206,36.573163446847026,DAP,soudanienne,6.102490644989794,104.03204460487913,augmente,0,0,2,1
27.764651439248034,65.8516522153314,31.172794642940925,Argileux,Arachide,6.168951825609572,0.6543456920846529,28.20118794936532,DAP,soudanienne,6.223956761676818,13.178433006394542,augmente,0,0,0,1
33.56791026513512,56.849586520430535,38.126858099091024,Argileux,Coton,9.858585738740349,9.482269036425826,23.783903981742068,DAP,soudanienne,5.935026120040311,3.1676141889748433,augmente,1,0,0,1
28.359332163330887,63.465284865819854,46.79704433912678,Sableux,Arachide,17.481039426389614,7.862444491955305,24.246243093144052,DAP,sahelienne,5.981454081146319,71.82366451136207,augmente,0,0,2,0
38.34047358144776,59.661189813984464,28.90218810038082,Limoneux,Coton,8.052659890685652,4.465643863568491,36.05305373585926,DAP,soudanienne,7.492368760039115,19.38346541339897,augmente,1,0,1,1
29.075700522208866,52.80280361287989,33.74741344635658,Limoneux,Sorgho,11.639256164222855,12.840542752830409,34.57257046363306,DAP,sahelienne,7.173530160634108,47.269753837940684,augmente,4,0,1,0
32.67036237586292,55.16049818036454,57.17145889544736,Argileux,Arachide,12.962675213120553,4.866969824509209,39.68354554861517,DAP,soudanienne,7.028737131797998,68.49504383726084,augmente,0,0,0,1
36.08600646226348,52.292169642228366,28.836920996125123,Sableux,Sorgho,11.766579258919972,19.935090529540314,31.977313393067575,DAP,sahelienne,5.566117256494168,78.08161260195953,augmente,4,0,2,0
31.165267785323703,60.780943689939186,34.93767455267901,Limoneux,Arachide,13.099329958767118,7.780503814432972,29.359875185462244,DAP,soudanienne,7.923598439189696,14.183238287713905,augmente,0,0,1,1
31.47450804547301,62.88011679637871,48.45295147860925,Argileux,Arachide,11.217387011479763,12.063196998841882,30.110015193571424,DAP,soudanienne,6.147587860258368,42.97092128499962,augmente,0,0,0,1
23.72601785162489,52.773812641596685,41.176731466756245,Sableux,Arachide,8.982183413406775,0.746725667380276,33.336524746949735,DAP,soudanienne,5.572926671435186,79.14896596947088,augmente,0,0,2,1
31.239736936276397,56.261150236841715,49.47919107611925,Limoneux,Arachide,11.833048698486913,8.54553091998926,24.464393007359035,DAP,sahelienne,6.603074172729292,66.0246721938386,augmente,0,0,1,0
35.242927501944735,59.32255968496018,56.387476885346544,Argileux,Coton,10.009959652950062,12.24449170409066,35.93844504324692,DAP,soudanienne,7.464521210610875,188.19315756855877,augmente,1,0,0,1
31.904621023701495,62.96821814543641,42.60263496363534,Limoneux,Coton,11.747386693466918,9.036227400500215,23.223910844988595,DAP,soudanienne,7.382465482597963,6.565099763848026,augmente,1,0,1,1
28.4346807428731,61.83979230492132,25.047577509722284,Sableux,Arachide,10.681501955420073,12.480902870740314,27.631556712443267,DAP,sahelienne,5.629214199777829,65.01544347006259,augmente,0,0,2,0
35.646853586140935,63.031394343811506,55.59626068284203,Limoneux,Arachide,12.917730522159495,0.0,29.55656286347669,DAP,sahelienne,5.782749348559556,34.96269803598167,augmente,0,0,1,0
29.5648621324242,52.70863671778142,60.32937059906271,Sableux,Sorgho,5.651704015012393,13.407891309185295,28.30055834888395,DAP,sahelienne,6.78731877215168,53.03250018756526,augmente,4,0,2,0
26.478811664796666,61.61673760023372,35.06007109593148,Limoneux,Mais,11.40739531537766,6.213435636234206,37.760297426342476,DAP,soudanienne,5.724079433261545,143.13253041446228,augmente,2,0,1,1
31.277208553561877,65.6195552032226,66.56371660207276,Sableux,Arachide,7.196826074844024,18.084202869411108,36.46615060275893,DAP,sahelienne,6.636206832388392,0.29757286544473516,augmente,0,0,2,0
30.88017919183022,67.54235194055529,47.04867901947059,Argileux,Arachide,7.982829504649149,0.0,24.53848229437414,DAP,soudanienne,5.874656997216379,50.72849486827511,augmente,0,0,0,1
30.170042448495828,62.421798589727544,29.848764276453515,Argileux,Arachide,9.292250749740958,2.151187485668159,26.656459662714894,DAP,soudanienne,5.660108809661971,192.29993584742945,augmente,0,0,0,1
29.611540397629376,63.392468784440446,31.602993930745967,Limoneux,Coton,10.368560375540774,5.627697065545918,21.396282496311322,DAP,sahelienne,6.540542577580786,55.128726518945925,augmente,1,0,1,0
32.236288664712404,58.22724159086193,61.086259498104276,Limoneux,Arachide,10.929334026126604,4.401580264207235,26.726750331193923,DAP,sahelienne,7.862461963889608,51.42667126525904,augmente,0,0,1,0
32.651371833277715,58.855828279762044,27.088083472258653,Sableux,Arachide,10.863925562048168,5.798335608252673,29.758647176353925,DAP,sahelienne,6.8004518414168995,1.2211871716823808,augmente,0,0,2,0
33.26716595088681,61.7816326592597,36.302781267907726,Sableux,Arachide,7.128068692054033,5.098990634711861,34.015213405792004,DAP,soudanienne,7.134141191014051,0.6041742712322495,augmente,0,0,2,1
31.775160309740844,53.57583036841376,43.76086281161467,Sableux,Coton,10.678933382118386,7.920251323818589,29.8158223528715,DAP,soudanienne,5.9530451090340435,27.007627336109486,augmente,1,0,2,1
28.667686227832704,52.75363253037284,36.008708978938515,Argileux,Mais,10.322623325426855,7.028039919656906,28.22603236655716,DAP,soudanienne,6.201588949691289,30.672965483149127,augmente,2,0,0,1
29.621528807039784,66.62599066706267,52.2942768871192,Limoneux,Sorgho,12.230995587292298,7.220845731004367,25.942239762913324,DAP,sahelienne,7.220076297379953,20.176192172746468,augmente,4,0,1,0
27.32775148886988,59.56457514618312,31.33750615454896,Sableux,Mais,13.278988864060162,5.465680684862029,17.28612289971722,DAP,sahelienne,6.843542346499517,35.529040414032515,augmente,2,0,2,0
30.31384491863445,61.64187385909582,57.52115118541107,Limoneux,Coton,12.119539438564214,7.55407084692837,31.79891086711911,DAP,sahelienne,6.309738881450948,71.0050457452953,augmente,1,0,1,0
34.351231668526374,62.199917253430336,18.061796850747257,Limoneux,Arachide,14.671649017283745,10.886165252069969,35.187125865387436,DAP,sahelienne,7.5076138116896995,31.049716541479768,augmente,0,0,1,0
26.82011802278338,58.56688987652906,44.894793241754286,Sableux,Arachide,10.92194215660479,2.4778503574263873,20.5130519638154,DAP,soudanienne,6.984264457378586,165.64255157731884,augmente,0,0,2,1
28.378020102354796,52.95638927412171,39.02431021230332,Limoneux,Arachide,12.324407055222267,8.043617874596915,50.385573405549636,DAP,sahelienne,6.482926086410661,22.949349998623518,augmente,0,0,1,0
28.384970208733158,60.276725050452,41.199974483214234,Argileux,Coton,10.796639888628409,3.589499401501689,28.409327732053818,DAP,soudanienne,7.421052677793105,44.30543038047341,augmente,1,0,0,1
31.728691844800274,64.39944386762777,40.99722093002526,Argileux,Arachide,11.152927064337211,8.905650383188826,44.79202341865009,DAP,soudanienne,7.350782577109879,105.92890540702669,augmente,0,0,0,1
32.4856933468368,59.9378110590932,31.078141272760746,Sableux,Coton,7.887339593984862,16.01037557517994,36.152653076530555,DAP,soudanienne,6.520050228212703,49.97349305158587,augmente,1,0,2,1
31.3068798853906,60.95398819765599,40.29717949049694,Limoneux,Mais,12.355600322419452,5.3725513357533154,39.255601531934005,DAP,soudanienne,6.1925636221740605,56.692229852815835,augmente,2,0,1,1
32.8443598425657,70.86501406109419,33.88757736282067,Argileux,Arachide,6.203385637583045,2.498963724668403,34.99008959522141,DAP,soudanienne,7.010648789967313,85.0004828246395,augmente,0,0,0,1
30.924578705445317,56.57551765738706,49.88888555850608,Sableux,Coton,4.3680015969543105,15.263932481527682,25.991179928506465,DAP,sahelienne,5.992384075521803,18.222267329424113,augmente,1,0,2,0
30.14066139356575,59.903230607356356,52.947475838524866,Sableux,Coton,14.540170846592988,0.0,28.52636081107079,DAP,sahelienne,6.530234024081348,39.83810420699146,augmente,1,0,2,0
29.594088329959995,53.92897048304,42.82593663917546,Sableux,Mais,8.098246569535217,9.256305570651369,36.349316042628914,DAP,sahelienne,5.650182920887456,11.49501001473702,augmente,2,0,2,0
34.27751785012173,52.90628534697293,50.91939247118768,Sableux,Coton,9.061843477726695,8.741444077559896,21.0863569009668,DAP,sahelienne,5.717348901730635,15.044685318326048,augmente,1,0,2,0
32.62749817446067,72.13348405932408,33.029203128664264,Argileux,Arachide,16.42447958714664,8.610109836062072,32.12951209462762,DAP,soudanienne,7.819751574655068,64.5957466727616,augmente,0,0,0,1
31.29811418958158,64.53713460893456,49.150998700141265,Limoneux,Sorgho,14.542676697174745,6.421580070686553,26.637290625775087,DAP,soudanienne,6.223744662799299,85.31838021087867,augmente,4,0,1,1
34.19381217393242,65.64335135512843,34.90211648368167,Sableux,Mais,15.146633441457865,7.63887931323018,31.464527596144602,DAP,sahelienne,6.050165636961729,69.25817896854349,augmente,2,0,2,0
29.714098888442308,56.79693692223674,51.388665011540766,Sableux,Arachide,8.764454312603156,0.0,26.192200998679738,DAP,sahelienne,6.63541867541941,78.56619029085047,augmente,0,0,2,0
36.38305646187658,57.82843748686407,41.982715497256955,Argileux,Arachide,10.735696425003217,1.8687705406746415,22.05994873452986,DAP,soudanienne,6.7913662759731555,29.90986371138891,augmente,0,0,0,1
29.129175328517753,58.8314071722485,48.35421370691642,Sableux,Arachide,10.862515450874165,1.7390030526086742,27.53145392954317,DAP,sahelienne,6.318915734805315,39.3500767568659,augmente,0,0,2,0
29.96500199221692,59.03168913305393,45.81960613707382,Sableux,Arachide,12.664341076741522,6.552572361831987,34.25075368171462,DAP,sahelienne,6.496398060360319,20.377640036603914,augmente,0,0,2,0
29.23690744541699,56.61601346515174,38.88874936058122,Sableux,Coton,11.77294244421527,5.6251362526900905,36.24700788851737,DAP,sahelienne,7.6447229631155995,52.708432338147375,augmente,1,0,2,0
29.49982025858733,62.64755074515256,35.78874755365501,Sableux,Coton,14.687606486979117,6.086699511126583,33.19095505628229,DAP,sahelienne,6.593204120611544,10.957330763538868,augmente,1,0,2,0
26.49071682753872,59.39443338954896,54.434581172321174,Sableux,Arachide,14.28019444938429,5.497597703112193,30.672963643640877,DAP,sahelienne,7.419652307814639,9.832894603379598,augmente,0,0,2,0
33.995050285550555,52.57837416692223,53.762275357783246,Sableux,Sorgho,9.202680540560277,11.451192639858647,39.885179405822996,DAP,sahelienne,6.942633354283861,6.709899084160966,augmente,4,0,2,0
26.747269657143132,56.957763767891464,30.45332925979831,Argileux,Sorgho,12.823229403135112,0.0,24.996261903339875,DAP,soudanienne,6.526751001466358,102.30723884695836,augmente,4,0,0,1
31.93775172222721,62.94842374920749,39.53288409915495,Argileux,Mais,16.992328342832888,6.77954346587946,38.70824160681333,DAP,soudanienne,5.54760852318573,186.6226442337306,augmente,2,0,0,1
36.80438908313259,59.37714710122881,39.13161523681343,Limoneux,Coton,9.075047334773044,6.093515461380125,30.337590695224385,DAP,soudanienne,5.661226701139616,124.40589585040185,augmente,1,0,1,1
25.76849482746423,54.743443738044235,56.02152554549085,Limoneux,Arachide,11.08972249966407,11.652928963710474,41.5562609293308,DAP,sahelienne,7.7927462629294855,53.72094458248299,augmente,0,0,1,0
27.38794689302089,58.43278989860569,42.337435771472926,Limoneux,Mais,7.448603465364334,0.0,34.17524083611605,DAP,soudanienne,6.2991301556382515,137.94030697237372,augmente,2,0,1,1
29.792101996934473,60.669213800522755,46.92976758902444,Sableux,Coton,8.694762617669916,4.652552963451567,36.47611739266954,DAP,sahelienne,5.5242508873076055,25.766446025301263,augmente,1,0,2,0
31.499626800025144,63.3732021697368,57.11445662349525,Sableux,Coton,9.878304316528167,9.095697761203493,31.87466351934136,DAP,soudanienne,7.066959542629611,125.74427740511642,augmente,1,0,2,1
32.42573512463463,60.53358977379781,34.423496749208084,Argileux,Coton,12.478171490033354,10.198284118998053,29.55406635476646,DAP,soudanienne,6.785201739048183,88.75671585646714,augmente,1,0,0,1
32.1806391867761,68.02593852659263,59.26313028008285,Sableux,Arachide,10.552499194502222,3.9366823040949432,29.40627337441775,DAP,sahelienne,5.910462410140897,78.40415543811878,augmente,0,0,2,0
34.73984594213819,53.585822792507265,33.640409287183026,Sableux,Sorgho,11.542423804697117,0.9671067089081511,41.84583342562371,DAP,sahelienne,6.655903618119348,69.08616025113167,augmente,4,0,2,0
32.853703549944164,52.058918693195714,50.63165534715713,Sableux,Coton,11.169826176375942,8.712387346480368,21.074573027205275,DAP,soudanienne,6.306709267694551,170.2968898627988,augmente,1,0,2,1
31.20468667292928,69.52490930543003,49.80693501131226,Argileux,Arachide,10.641834137713541,0.0,29.80254118512067,DAP,soudanienne,6.9797860110476755,114.26790569061542,augmente,0,0,0,1
29.05521994061934,51.97016752107926,49.05648106227297,Limoneux,Mais,6.373790541813641,9.84219720051843,30.69091567710287,DAP,soudanienne,7.301084255564445,66.56367221833439,augmente,2,0,1,1
30.83998038667316,62.24313504893698,55.362865792051636,Sableux,Coton,12.296720519702028,17.347600591900964,35.12581194835838,DAP,sahelienne,6.130454954548173,27.23078701420393,augmente,1,0,2,0
31.845687921535305,69.72467570669006,33.142213618811105,Sableux,Coton,7.1001922437648535,6.560199567914899,42.898694542047664,DAP,sahelienne,6.351439843552797,46.2583828935611,augmente,1,0,2,0
30.922108704087645,61.156504978437766,39.975676297528544,Argileux,Arachide,8.074188454458538,0.0,30.125810583696477,DAP,soudanienne,6.181394372038501,96.99845691549991,augmente,0,0,0,1
28.690822951830093,56.604771726571315,56.88586783626749,Limoneux,Arachide,13.041094201318131,0.0,19.532537122006218,DAP,soudanienne,7.583185762571894,143.91168265308698,augmente,0,0,1,1
28.904836445359994,58.53135664984913,42.50338957451473,Limoneux,Coton,8.167262667446122,9.956830653465722,28.740423649575987,DAP,soudanienne,6.493068823915581,190.624922501593,augmente,1,0,1,1
26.272487561891186,57.457715537468914,36.018419132094714,Argileux,Mais,8.867469333201317,6.5670796865518675,36.18806027869334,DAP,soudanienne,6.002932417784752,170.53323062034414,augmente,2,0,0,1
26.5333526053481,62.09299540235424,47.69837793522137,Limoneux,Mais,2.177559234459581,8.386503525152955,31.758507648166525,DAP,soudanienne,6.557171022647718,73.99977719199549,augmente,2,0,1,1
28.17020263814247,51.49079912159108,39.328680198605774,Limoneux,Arachide,12.262931527717337,11.26998348918097,27.66053947657329,DAP,sahelienne,7.387350500395822,11.058566942826973,augmente,0,0,1,0
30.954343015892338,69.27518649050573,41.81247286945902,Sableux,Arachide,11.661058260573128,0.0,26.771884789506508,DAP,soudanienne,6.783049939569547,57.78740333151653,augmente,0,0,2,1
34.27977227792704,57.529824501553115,47.088121886274514,Limoneux,Arachide,13.26734007884734,0.0,27.439461459420773,DAP,sahelienne,6.228234368013763,64.89844467210862,augmente,0,0,1,0
37.27596219065135,59.41180051002881,22.731774637493768,Sableux,Sorgho,10.390322753704748,9.954781647485271,18.277948442903075,DAP,soudanienne,7.007018830666898,187.55291186364485,augmente,4,0,2,1
33.72176348463575,60.28436078586338,47.886792616320335,Limoneux,Arachide,15.535089103009076,3.9608628512224398,30.036053326909823,DAP,soudanienne,7.002706663483039,190.11840261518768,augmente,0,0,1,1
35.490381974987685,54.94730717746427,54.47657883969537,Sableux,Arachide,5.89474641367795,7.100820354773825,33.344134135237006,DAP,soudanienne,6.7031848795690125,80.9821628539688,augmente,0,0,2,1
28.21119122841017,53.34908609221582,26.375032163397446,Argileux,Arachide,14.65927314056974,6.715620458200976,20.17240598401749,DAP,soudanienne,6.860450289854884,99.43076317657433,augmente,0,0,0,1
33.153038620621295,55.99310071070635,59.7963184020612,Sableux,Arachide,10.137631869853157,5.982874521781177,32.56993288668132,DAP,soudanienne,7.77245222978716,153.83397390471748,augmente,0,0,2,1
29.09280160011325,56.18396220377797,33.63549872726258,Sableux,Arachide,11.083118607173692,7.808494569529752,28.062137627689754,DAP,sahelienne,7.63852040526072,6.087999118461944,augmente,0,0,2,0
31.32450681900831,52.02141708350179,28.26175847684778,Limoneux,Mais,12.040707241946308,2.8693696582319546,30.783044570004286,DAP,soudanienne,5.784863173611359,140.41943767589822,augmente,2,0,1,1
30.104290933630544,61.07082426522421,45.10115284837711,Argileux,Coton,11.380926646941019,8.41670144841691,33.10990905277664,DAP,soudanienne,6.926403511561516,88.5874243468872,augmente,1,0,0,1
35.12226078533165,60.02689381808484,36.39332537275428,Limoneux,Sorgho,15.273129061469522,6.320380196087282,34.02058272000093,DAP,sahelienne,5.558647554302886,42.94945743764817,augmente,4,0,1,0
30.488393519018892,59.963148139861275,50.01245210157169,Sableux,Coton,12.47846281849059,19.320192373779665,34.62250774096423,DAP,sahelienne,7.725756392783801,58.945346546376015,augmente,1,0,2,0
35.14711254020015,69.58736166133389,42.557924380231995,Argileux,Mais,10.07423772379948,10.402290040768886,26.56272393656471,DAP,soudanienne,6.336838316448198,139.7271178863912,augmente,2,0,0,1
30.633016218891033,59.98763295246904,42.29492449268124,Sableux,Mais,10.225516442531406,10.902548132128961,22.622654795229977,DAP,sahelienne,7.083838234040425,24.332420358837208,augmente,2,0,2,0
32.239756286378274,62.75561992213695,12.552453539151287,Argileux,Arachide,8.61882709862489,3.4837340602180453,28.60618217588382,DAP,soudanienne,7.218474781714287,162.14413458903496,augmente,0,0,0,1
28.126745687962398,70.12759260393037,45.73323366891664,Argileux,Arachide,8.4572447737098,3.8309012781317042,25.067751201264834,DAP,soudanienne,6.452751284029535,67.233067715916,augmente,0,0,0,1
31.974089991995772,62.838758483112706,50.01294599466169,Argileux,Arachide,11.880621373340635,5.622833242710749,28.61408311947821,DAP,soudanienne,7.027366314256633,80.82196954859143,augmente,0,0,0,1
31.53570660651824,59.4649235659583,38.31690317060995,Argileux,Mais,14.768990342356872,18.492832997047877,35.513441407674804,DAP,soudanienne,6.737639864136462,101.0331423045465,augmente,2,0,0,1
28.4063062052886,56.97420083656454,30.09393772881094,Limoneux,Arachide,12.424764046119076,1.3582558378120577,28.640819790716087,DAP,sahelienne,7.270810122694925,44.42106580863522,augmente,0,0,1,0
33.20411605630692,61.915183387261784,51.88380615986321,Sableux,Mais,13.930657064443428,0.0,25.911475097219757,DAP,sahelienne,6.571812854378704,75.38407503209653,augmente,2,0,2,0
33.44106252974685,68.50673599061558,38.26300739013112,Sableux,Sorgho,12.948054744365386,3.2665145722358564,38.20313989854189,DAP,sahelienne,6.466234307159784,50.6141627873088,augmente,4,0,2,0
31.693530815628023,62.3856556898154,51.945896853616006,Sableux,Sorgho,15.26782157621265,3.86313070561251,39.276058059888285,DAP,sahelienne,7.640712820116906,27.819026844745245,augmente,4,0,2,0
33.63590195566141,66.49353402596392,43.72750336750955,Sableux,Coton,9.486745837532224,7.948960016939597,34.35807528673442,DAP,sahelienne,6.548123123297414,22.78821412884909,augmente,1,0,2,0
32.434172711824885,64.38353500158735,32.380523846448725,Argileux,Arachide,11.7099882515037,9.461401168257902,40.57419054314007,DAP,soudanienne,6.523619844068273,59.59595893245391,augmente,0,0,0,1
31.55731653410662,59.66599823306825,46.94210957688513,Argileux,Sorgho,5.56429117732445,12.610032672391291,38.2943038205148,DAP,soudanienne,6.655351183174751,189.8224913776494,augmente,4,0,0,1
22.718496570225998,63.01513648157538,25.311916855135003,Sableux,Arachide,8.34265089163877,13.979948985208546,25.781311577617416,DAP,sahelienne,6.252297682913547,32.57389908791002,augmente,0,0,2,0
28.670610035709757,58.65276245595571,45.88335546982622,Sableux,Arachide,10.381976372995988,0.0,34.500111805256864,DAP,sahelienne,6.669506030093348,47.85459564336019,augmente,0,0,2,0
34.97186110734666,63.25279369757379,41.710836708201875,Limoneux,Coton,12.313224082290148,6.435264113063986,45.71849591935036,DAP,sahelienne,7.442964773599024,67.53676686209856,augmente,1,0,1,0
34.16828688702003,55.91676985981434,32.46551807884639,Sableux,Mais,9.129600923815762,8.8158407604413,24.711072140341113,DAP,sahelienne,7.31392061889987,0.07246681968721802,augmente,2,0,2,0
24.711810243922773,56.31974722379821,54.744828630612076,Sableux,Arachide,9.647863218271485,4.211416471046628,28.542891906398467,DAP,sahelienne,6.296743143213494,50.09958582104264,augmente,0,0,2,0
30.417686395298446,55.10054083055751,55.67206511138779,Limoneux,Coton,9.22186327914711,9.60203818060905,37.62612198376784,DAP,sahelienne,7.209248864311552,58.851412800909216,augmente,1,0,1,0
25.168999325739364,63.87992650459212,46.42866663011051,Sableux,Sorgho,10.348909764684848,11.067937044379024,28.065205022333817,DAP,soudanienne,6.0174657575002986,163.0360463939778,augmente,4,0,2,1
29.509498260531032,66.24960652219129,47.551880769378506,Argileux,Arachide,8.876049023799876,4.576065767459996,29.369481021639093,DAP,soudanienne,7.748125767453912,1.126262549610746,augmente,0,0,0,1
30.22900130354627,62.9168841951643,32.23589367270782,Argileux,Sorgho,10.338696825509935,0.0,30.744275243272867,DAP,soudanienne,6.66068092331085,85.53835760669222,augmente,4,0,0,1
31.56407485371265,57.67440375716462,20.566597453020492,Argileux,Arachide,14.62411914968421,6.912479107163135,36.37586474803527,DAP,soudanienne,5.721305788036821,57.64239368962121,augmente,0,0,0,1
35.46192655731747,60.08574803169988,29.32477666586661,Limoneux,Arachide,8.264462758052609,6.585327415994138,37.47024272365865,DAP,soudanienne,7.3008072911964,79.09781523671404,augmente,0,0,1,1
29.048010701233384,65.28671437291129,38.92158475392554,Sableux,Mais,10.72610822090045,8.686026865946145,31.06906772977341,DAP,sahelienne,6.545958344283179,50.73944727820341,augmente,2,0,2,0
27.602084205103708,51.42511631203408,39.13251068902024,Limoneux,Coton,7.136826027013852,8.257924362664628,23.284732463955287,DAP,sahelienne,5.7684027961266695,2.6750388448878137,augmente,1,0,1,0
32.611308678028784,60.745954680737626,33.15704153161983,Limoneux,Arachide,12.282180229822412,13.520798706261651,38.33256386382491,DAP,soudanienne,7.242727845651896,166.55581420465893,augmente,0,0,1,1
26.97196313846625,60.64844710989061,52.84880656088703,Sableux,Arachide,4.587682442811183,9.68789214984404,38.9487254782064,DAP,sahelienne,7.5618079101923,8.191557023454124,augmente,0,0,2,0
33.747800154819046,62.3339340374383,25.766376780777808,Sableux,Mais,6.4256209877004995,0.17953847449423144,37.78214964314413,DAP,sahelienne,5.861288059767376,75.50311113663665,augmente,2,0,2,0
35.434108490719815,62.40402054353061,37.06454936330529,Sableux,Coton,5.917472760547683,0.2120746282320729,31.869630992348498,DAP,sahelienne,6.492219945562297,30.039889761657612,augmente,1,0,2,0
33.16711394777869,60.56469704029622,56.56944026146766,Sableux,Arachide,8.86816273392245,0.0,39.17402628647139,DAP,soudanienne,6.013420461724963,139.94261543086742,augmente,0,0,2,1
31.927890583724274,59.56261458283749,29.602951059347937,Sableux,Arachide,11.342146154126157,10.605848620390494,32.282173838318,DAP,sahelienne,5.678757560829088,59.328241578976694,augmente,0,0,2,0
29.843788704281533,62.88726693785799,34.47169755923248,Sableux,Arachide,12.783835204645975,7.628004491256531,30.710989562692824,DAP,soudanienne,5.764311401077837,57.236174159581466,augmente,0,0,2,1
30.102531453311844,51.50906528670208,43.06778072647327,Sableux,Mais,10.17132766266692,4.4229306032163045,31.446521915880112,DAP,sahelienne,5.830404443812559,53.78103519460528,augmente,2,0,2,0
29.85638901815806,57.06037286877831,35.64223593015409,Limoneux,Arachide,6.9784533385259575,8.377761238568812,26.387383309809458,DAP,soudanienne,6.798621965978094,188.9894841643009,augmente,0,0,1,1
28.7737323333612,63.91201661282328,33.274217193297105,Argileux,Arachide,10.902752003953365,13.251798125732156,26.013476141677256,DAP,soudanienne,7.456628907057191,139.61486769572977,augmente,0,0,0,1
31.534605689461404,58.69077141986694,43.02586920741309,Argileux,Coton,13.894132815330995,0.0,18.258218277049664,DAP,soudanienne,6.282563386753953,110.7883467709275,augmente,1,0,0,1
27.946021473444976,59.59619986681887,54.42110346014294,Limoneux,Coton,8.081344848165223,0.0,18.357746118155795,DAP,sahelienne,6.880045430739128,59.48020286232602,augmente,1,0,1,0
33.09549368925736,56.03567815591924,38.1165431931273,Argileux,Coton,8.58893479044523,9.825463616583836,37.27327965717979,DAP,soudanienne,5.50658038894897,70.48654630776832,augmente,1,0,0,1
26.914120062167246,53.90940640468915,42.88833269032505,Sableux,Mais,9.221229774423549,9.626934580639233,30.83864562118648,DAP,sahelienne,6.17965181681479,57.47681426585334,augmente,2,0,2,0
32.81619488716807,59.63454389346481,40.99102551154777,Limoneux,Mais,12.78396778734287,11.114670864660752,28.32897332700964,DAP,soudanienne,5.845946406354796,93.9308513903247,augmente,2,0,1,1
33.789032968335874,65.27910615119245,49.45659697098952,Sableux,Arachide,14.327619899587994,11.116079229467,24.27414218979414,DAP,sahelienne,6.2669857077752535,74.62232997501876,augmente,0,0,2,0
28.802657133453046,62.19697537762999,29.639262895100124,Limoneux,Sorgho,14.247157805762923,5.999036238722363,26.87212491763877,DAP,sahelienne,7.813161604142411,77.66833582941602,augmente,4,0,1,0
29.417377666013106,56.09361943850777,37.90361786489618,Sableux,Coton,11.734344015796024,0.0,35.06613664086628,DAP,soudanienne,6.5534423530346375,92.96996074081044,augmente,1,0,2,1
26.7170546422069,62.37754697458671,44.61089857531333,Argileux,Arachide,14.401486667736625,0.0,23.284125131442508,DAP,soudanienne,6.8558973762308035,17.841311763392763,augmente,0,0,0,1
26.393124819656897,64.10076267055419,44.24151510401507,Sableux,Mais,9.414839091091425,6.32298984058288,32.20056708935395,DAP,sahelienne,7.113364058126519,74.42809417064542,augmente,2,0,2,0
32.11081260570888,63.99279405688324,56.84493080352972,Argileux,Mais,11.252549439860369,1.8955747409935473,40.649542264738784,DAP,soudanienne,7.96595542907223,22.621151300343968,augmente,2,0,0,1
29.50057807661063,66.57246671922579,28.956574251665636,Limoneux,Coton,12.287319879930278,15.05049884753496,17.680579972869637,DAP,soudanienne,7.378182792344365,39.682020238712546,augmente,1,0,1,1
34.57766013525244,64.72326185095727,40.90853685746279,Sableux,Arachide,16.821024450446792,0.0,35.993234517558186,DAP,soudanienne,5.906417671658696,23.77051569524744,augmente,0,0,2,1
32.12040804606591,57.812508034536904,46.42403499891982,Argileux,Coton,12.347598988155582,1.3484047769857455,33.737643836174094,DAP,soudanienne,6.517023228392123,73.53160921182167,augmente,1,0,0,1
29.480150797021285,60.4307512573943,54.20796595524369,Limoneux,Arachide,10.768686614383515,6.577819881131932,32.22022113844752,DAP,soudanienne,5.696317964853932,66.41477816476409,augmente,0,0,1,1
34.000732807794186,58.20851501816784,34.60841699629429,Sableux,Coton,12.175940357365015,6.458453437323132,35.434682259910446,DAP,sahelienne,6.792091919336248,16.789174182329695,augmente,1,0,2,0
36.14998300550856,68.10557193448568,23.752766474537534,Sableux,Mais,9.878062623020233,3.266484388489994,34.286244615303254,DAP,soudanienne,6.413628711633184,10.980978182154866,augmente,2,0,2,1
28.4969960897463,65.10779481282836,52.24208402540664,Argileux,Mais,8.966682174214286,8.963711285880574,38.27037879838038,DAP,soudanienne,5.750603425668978,135.963625043994,augmente,2,0,0,1
28.033963765766224,59.81674096407049,50.382280569670336,Sableux,Arachide,10.13402024285461,5.0668082182050975,32.76559657952893,DAP,sahelienne,7.61237594318151,13.481171476734737,augmente,0,0,2,0
29.869933160931467,61.9574213759989,52.79326570280442,Sableux,Coton,7.766185931231235,18.067815536730087,20.74608207410848,DAP,soudanienne,7.035226844939254,18.3700674458402,augmente,1,0,2,1
30.4131181805013,62.32136987537314,48.35298768197809,Sableux,Mais,8.644915412333438,4.497583600572885,44.395276519058115,DAP,sahelienne,7.8464639894462636,0.9743868333233152,augmente,2,0,2,0
26.31589293466889,63.358236932592874,14.607215319827805,Sableux,Arachide,8.24025920886394,0.0,32.099165487522185,DAP,sahelienne,7.181784028751091,20.10461497137254,augmente,0,0,2,0
33.330508602094326,67.59706335916285,61.94286770431691,Limoneux,Coton,12.44638159952854,10.61923773412338,24.11975091241093,DAP,soudanienne,6.710665495274314,98.35812652473362,augmente,1,0,1,1
29.336307353525847,60.40456789107648,29.349273951622422,Limoneux,Arachide,11.029930998107748,3.753579072633007,30.96758806156312,DAP,soudanienne,7.575443107498968,126.85053069030747,augmente,0,0,1,1
34.276561620940434,55.29179769830512,32.83900350367466,Argileux,Arachide,11.752789088439368,4.812620928952803,32.60837923755314,DAP,soudanienne,5.583544986762648,90.07664260780159,augmente,0,0,0,1
32.90681286524529,58.13995663064338,30.33555909495604,Limoneux,Coton,9.808927765992383,7.116099077690742,30.69108396669168,DAP,sahelienne,6.332280240578508,48.58133360811904,augmente,1,0,1,0
33.49458961437428,62.20753512672632,48.58727808761595,Sableux,Arachide,10.497418582544881,4.7575171040660935,36.50061963350481,DAP,sahelienne,7.8195251541192405,40.256753340123446,augmente,0,0,2,0
29.71099815854921,62.05239497100161,50.61193730906341,Limoneux,Sorgho,9.353279516081864,4.962515829682581,26.729593955172145,DAP,sahelienne,7.180585374501513,78.78972528908817,augmente,4,0,1,0
32.9792076919312,56.59409996937485,44.3661714274064,Limoneux,Coton,7.120371039874225,13.198095874594415,29.49568842637639,DAP,sahelienne,7.804889075331875,17.99174445843258,augmente,1,0,1,0
31.028737920975097,63.81387502789972,18.032875866504984,Sableux,Coton,6.924392924159955,9.457933741722803,37.37982974250016,DAP,sahelienne,6.692824418489208,62.01526154351246,augmente,1,0,2,0
28.6224531206853,65.76169412936055,50.99115602097465,Limoneux,Mais,6.6489486149918475,8.651714394490966,34.18096639276968,DAP,soudanienne,6.758942240846479,187.26855067964556,augmente,2,0,1,1
31.037048564872453,60.96325531620038,46.18513527878087,Limoneux,Arachide,8.116805259365892,2.7367004651651143,27.272718915486465,DAP,soudanienne,6.892380229160438,99.40472955544134,augmente,0,0,1,1
33.359291904675636,58.16358249181086,38.353255083077286,Limoneux,Arachide,8.69573660259058,15.071244657355983,26.52945836440686,DAP,soudanienne,6.429986899472905,165.58241242981288,augmente,0,0,1,1
31.408624608504347,66.40787592891765,32.86586144572181,Sableux,Arachide,7.906504737854906,10.594040692699885,32.71647171825702,DAP,sahelienne,6.056509091353094,40.952169701569915,augmente,0,0,2,0
28.906750830414737,61.690073713420865,39.43365734039159,Sableux,Mais,10.098731952200335,16.429190587001752,33.067667697586906,DAP,sahelienne,5.5512772983009775,71.25333407135257,augmente,2,0,2,0
34.37723792247526,63.453241894503286,29.786318225426783,Sableux,Arachide,10.209461670089542,13.418624196939406,33.58192188707753,DAP,sahelienne,6.650803475143496,1.1576513202292027,augmente,0,0,2,0
29.859167494771878,59.91277069166907,50.08422709121544,Sableux,Coton,14.440993429042635,17.444158195121467,31.32641904893896,DAP,soudanienne,7.062306174471141,156.78505582837752,augmente,1,0,2,1
28.606067739749523,54.17380666142191,38.54242175292205,Limoneux,Coton,12.525233503526895,4.91492543704134,26.39303706975412,DAP,soudanienne,6.079475694041449,166.7833200922074,augmente,1,0,1,1
28.596214540163786,46.498898478361355,41.58108538613832,Sableux,Arachide,4.280797992002643,3.2127869449018207,19.904376391172924,DAP,sahelienne,6.797223829127704,41.05132012106217,augmente,0,0,2,0
34.560351879697244,50.11715610211043,36.80535656704681,Sableux,Mais,15.127174656742817,0.3159809756561103,37.408569695481475,DAP,soudanienne,6.43989977410166,98.95887098837468,augmente,2,0,2,1
33.954437214673284,65.00288835527671,50.826433596324584,Sableux,Arachide,9.772940529291635,5.269730254374583,22.280510892718546,DAP,sahelienne,6.0036537394829015,41.70142030592526,augmente,0,0,2,0
29.511273819876845,61.71009444878134,43.55933315618125,Limoneux,Sorgho,7.996454992853148,3.69081342098876,35.47732839545252,DAP,sahelienne,6.328034536557803,45.630986029402465,augmente,4,0,1,0
31.537189339614212,65.95816561699651,52.19019235563265,Limoneux,Coton,6.500191777928227,11.617701487675863,25.879115445344823,DAP,sahelienne,7.912579057274797,1.4765135234418114,augmente,1,0,1,0
26.428576954236892,64.59535615552444,38.900018761229276,Argileux,Mais,8.778819570174049,9.306781343292325,32.12139493316887,DAP,soudanienne,6.684400384346801,116.12395209647075,augmente,2,0,0,1
31.946342024273342,51.71688743444169,40.28175648632228,Sableux,Mais,8.951229543028209,10.443359234703124,22.172336144557146,DAP,soudanienne,6.166758576593035,32.01482109734612,augmente,2,0,2,1
30.788816071418356,65.57968593260405,42.98907074948268,Sableux,Mais,11.94375542504731,5.462952835552378,31.740242252711884,DAP,soudanienne,5.710004286301564,136.02193968665546,augmente,2,0,2,1
25.985213911526387,55.45808778632822,23.173078776870916,Sableux,Coton,4.253199607621811,2.6004554392622863,28.452878457532194,DAP,sahelienne,7.948154664021606,73.77846958709839,augmente,1,0,2,0
27.095847633594786,63.69441954949008,40.99770453590048,Sableux,Coton,9.151977969594487,11.978869908085473,19.166346324466073,DAP,sahelienne,7.57232472798253,8.649868198167683,augmente,1,0,2,0
31.311844421144343,65.84890067388851,31.165899297444547,Argileux,Arachide,7.730283475753771,8.081618537929801,30.047122901412024,DAP,soudanienne,6.710097350569621,174.82075921324216,augmente,0,0,0,1
32.008784600209175,61.955467009314184,41.14337166567524,Argileux,Sorgho,9.772477333632036,7.19617080530456,34.54428496170882,DAP,soudanienne,6.273703947987167,56.25200407609492,augmente,4,0,0,1
30.93615215621511,56.58375658164388,48.97981200173723,Sableux,Arachide,10.9895666191793,16.123796152479066,21.713129017200664,DAP,sahelienne,6.882104489961921,76.44971038250848,augmente,0,0,2,0
26.81449732603423,62.44888546024374,49.759657735824945,Limoneux,Arachide,9.03857652674507,0.0,31.20982337261407,DAP,sahelienne,6.9499049513377775,55.51936867114205,augmente,0,0,1,0
30.191538976289568,61.51581664315406,32.60621386186957,Argileux,Coton,9.012858836688578,0.0,37.48560388428161,DAP,soudanienne,5.855154023607655,181.01562555889623,augmente,1,0,0,1
30.0830742806342,57.683529239026086,46.145974810039476,Sableux,Mais,10.379431240865628,10.499643305740465,48.74897586334272,DAP,sahelienne,7.55277631935379,5.787880791798843,augmente,2,0,2,0
34.44956762436969,67.92848337968424,58.206783911311625,Sableux,Coton,10.942542368172285,2.034097121224926,28.51592448859855,DAP,soudanienne,6.412563260097057,100.64566907722352,augmente,1,0,2,1
31.442152941871342,63.77689259235777,49.481646584868095,Sableux,Sorgho,6.940579739441111,6.111893188146939,40.28081680297254,DAP,sahelienne,7.27005945999478,68.96672686721851,augmente,4,0,2,0
37.15084265043263,70.67069571333934,43.743897878552104,Argileux,Arachide,10.553036968663074,11.631291380616936,35.671210514450635,DAP,soudanienne,6.7565995124388385,34.357821895553364,augmente,0,0,0,1
35.30098701500886,62.51320035227962,38.21303580053698,Limoneux,Sorgho,9.09161663414099,2.4263950037484054,42.647227843744176,DAP,sahelienne,7.463007169782062,23.093304214036834,augmente,4,0,1,0
25.497749344167627,59.69409869666358,29.643950811863576,Sableux,Mais,9.007292781108934,7.547999841861535,41.076139183816494,DAP,sahelienne,7.002564693721725,62.475585516038976,augmente,2,0,2,0
29.37805305780162,64.74023712665472,42.33391347999694,Sableux,Coton,9.639788880338454,7.593159697850571,33.009390668849264,DAP,sahelienne,6.4079729902271225,40.05879249153587,augmente,1,0,2,0
28.49350511063225,67.9998215735107,33.31572601630927,Limoneux,Sorgho,12.939338066610855,10.500949431083463,37.40739870013528,DAP,soudanienne,6.689954225873051,145.78042715815,augmente,4,0,1,1
31.167313706920208,63.93179511673076,76.87385042711858,Argileux,Arachide,6.166472305856202,4.807255768461896,30.573751203402864,DAP,soudanienne,6.8131261620762205,182.29080069096787,augmente,0,0,0,1
35.31445820656873,65.76495979109673,45.23588137350264,Sableux,Coton,5.551003442969417,0.7361405245126091,32.27645835329112,DAP,sahelienne,7.514820383538396,57.11316672669074,augmente,1,0,2,0
29.16825047543324,65.37623506026759,50.41831479796417,Limoneux,Arachide,10.235864657532755,2.768252174377712,23.2810147551971,DAP,sahelienne,6.111973797573562,67.9002160452188,augmente,0,0,1,0
30.184290663846443,55.60975501785879,46.722934824382456,Argileux,Arachide,6.566591500923122,11.952116633261683,28.121770722160722,DAP,soudanienne,6.821574593841548,59.6083396693829,augmente,0,0,0,1
25.04308501668719,69.02244620520605,44.06078618771404,Sableux,Arachide,12.866230938891132,2.8597684192091424,21.776157323397783,DAP,sahelienne,6.183757164574268,44.484586815316916,augmente,0,0,2,0
37.470291582071965,64.68280138645142,53.20653632440897,Argileux,Coton,10.059692707359094,18.159820708785865,36.70662859747709,DAP,soudanienne,6.8354747295215486,174.71192045452256,augmente,1,0,0,1
29.611531379258988,52.374966298772534,35.12581303722234,Limoneux,Arachide,11.43583466269564,14.159657344126568,32.36319633277006,DAP,soudanienne,5.725796400747683,95.80814513492273,augmente,0,0,1,1
33.65688508478918,56.960062421296065,38.027678736397014,Limoneux,Coton,12.455794214894958,10.397805028817057,30.333138675075414,DAP,sahelienne,6.588473490320034,46.05754442649634,augmente,1,0,1,0
33.56399161617869,64.25559538997295,47.554730940635,Limoneux,Coton,7.843543203131619,6.387008371043219,28.78489493801961,DAP,soudanienne,6.5851777045399515,118.05981435111991,augmente,1,0,1,1
30.79822780616733,61.08752085661103,42.78844278613331,Argileux,Arachide,7.840723646376137,0.0,32.49372465051976,DAP,soudanienne,6.680702410822002,105.9549830513597,augmente,0,0,0,1
29.897227115414676,54.966169950229464,60.45799532812234,Limoneux,Coton,10.46825490848313,6.777285461568285,33.95489122098947,DAP,soudanienne,6.135052872738907,140.03765185881062,augmente,1,0,1,1
29.60758130990935,63.65549251355116,45.51444653186775,Limoneux,Sorgho,10.13916385991853,1.4618784304315966,27.915373886567895,DAP,sahelienne,6.509391526195866,51.899754978932336,augmente,4,0,1,0
32.44737869431749,55.42288369748572,26.968903567985958,Argileux,Arachide,10.553756751540956,12.121933929003408,27.75384749425208,DAP,soudanienne,6.778239365615086,174.85931204443486,augmente,0,0,0,1
31.933844864067552,61.15262845775034,46.00713209908093,Limoneux,Coton,6.848866858208835,1.2581831617581694,36.73696047585689,DAP,soudanienne,7.595398003502717,41.665389372007944,augmente,1,0,1,1
27.40789323636161,60.38792902345894,48.45612674893521,Sableux,Coton,8.198628241852994,10.115496318484084,22.447429064529114,DAP,soudanienne,7.387734918245366,53.108836960648276,augmente,1,0,2,1
34.57331660948771,63.520205582745184,41.25877016018402,Argileux,Coton,11.983852734883833,6.0534847794951405,33.04001921417146,DAP,soudanienne,6.580292939039737,89.22286142503755,augmente,1,0,0,1
28.408282767060104,57.80070051943951,36.790582673333674,Sableux,Sorgho,15.614333073577948,0.0,36.78433919312099,DAP,sahelienne,5.953769904053739,61.74443747825877,augmente,4,0,2,0
31.190223150322016,64.448097013256,33.905710553892995,Limoneux,Arachide,8.776703413440082,1.5785504242249573,35.47725281827034,DAP,sahelienne,6.598620558232301,36.4732749617691,augmente,0,0,1,0
30.796164913671756,68.65916754921874,41.238714487816175,Limoneux,Arachide,12.331354492300969,1.2622519638948804,32.91522705398986,DAP,sahelienne,6.42677664259446,35.44607463467591,augmente,0,0,1,0
37.52450204160857,57.1351665733381,46.266950134477796,Limoneux,Mais,10.755268073785718,1.673247575375,35.81031814680254,DAP,sahelienne,6.887546310513228,75.21408506408453,augmente,2,0,1,0
26.836697584782776,62.21910434343405,49.695072619882865,Sableux,Arachide,12.241178025711829,0.21365288182844644,31.876715272358386,DAP,sahelienne,6.48657267476508,36.45886512067878,augmente,0,0,2,0
35.24148956267161,55.22544506073795,37.29869652657315,Argileux,Arachide,12.769518348216291,4.204182669252063,35.41467156875162,DAP,soudanienne,7.440379660264057,44.9500076354715,augmente,0,0,0,1
35.32180114404178,65.20612307126656,45.05208908699439,Limoneux,Coton,8.507093513920612,10.140966112050677,14.841171669293171,DAP,soudanienne,7.669368475204326,3.0732501469446616,augmente,1,0,1,1
28.500320744232866,63.27519871856981,35.72580449742826,Limoneux,Coton,15.273306405883886,10.333412280048414,34.2164698568796,DAP,soudanienne,6.3477190331567,9.573119781221418,augmente,1,0,1,1
36.32989014959768,59.50335373109874,21.04406267150465,Argileux,Coton,12.005202456266751,2.8455940606878345,39.21942698238026,DAP,soudanienne,6.993373252444632,139.662664788112,augmente,1,0,0,1
32.9588847948369,60.70614655996707,48.78528887704533,Argileux,Arachide,12.919467482838815,1.7432673294279173,27.683918395571027,DAP,soudanienne,7.792446872546257,144.4866846044826,augmente,0,0,0,1
29.809202356516924,59.98184357715,41.17538216115225,Sableux,Mais,13.173153893723544,2.898870168729803,38.1749962611401,DAP,sahelienne,6.352191348959841,27.89622486743827,augmente,2,0,2,0
27.206176334343223,62.8633153511046,56.75781124902971,Limoneux,Mais,12.824295780232184,3.8562389688125798,25.8757314023905,DAP,soudanienne,7.110914251231419,23.595799887405143,augmente,2,0,1,1
33.092652165543406,59.62274704800336,15.102748678630174,Argileux,Mais,12.648387414103663,7.261329711250351,25.41047867587318,DAP,soudanienne,5.638044066876014,25.715452159375694,augmente,2,0,0,1
30.401522471422698,54.68209227209219,35.53770187278532,Limoneux,Sorgho,10.486555104941996,12.603866983691056,28.74499826071586,DAP,soudanienne,6.766728002515746,114.99069864592828,augmente,4,0,1,1
31.041673559120024,57.52911253052062,39.02770042508423,Argileux,Sorgho,13.21422798444042,5.81839520034923,38.571920462937186,DAP,soudanienne,7.638286160907346,177.81847964979204,augmente,4,0,0,1
32.77225983442267,62.70853965951635,25.754602135971627,Limoneux,Coton,4.357868969929638,6.354690232464518,39.43877125288674,DAP,sahelienne,7.271821449762249,65.12535247610134,augmente,1,0,1,0
31.320517333755255,61.42419972154564,59.26554817647164,Sableux,Coton,8.383553204913117,4.592640072446431,25.96892513068393,DAP,sahelienne,6.4215516312457215,49.77335393388862,augmente,1,0,2,0
25.232203757076174,57.528479697125725,40.85842092469759,Argileux,Mais,9.612962122473478,9.254890012702154,43.50679869803157,DAP,soudanienne,6.468227934188325,102.7305343642659,augmente,2,0,0,1
26.821037855992437,58.84843024736995,39.84165067576894,Limoneux,Mais,12.413025136029002,3.178543535946193,39.71034712637122,DAP,soudanienne,6.281014744199079,117.75189271300191,augmente,2,0,1,1
29.11017657631192,58.61641349634131,48.75634090617041,Sableux,Sorgho,6.705751736948892,15.691587695013716,15.429414514605597,DAP,soudanienne,5.514302328854912,40.492436727766275,augmente,4,0,2,1
28.49221510947991,53.06422697393582,52.07302336776227,Argileux,Mais,16.480677851628336,5.670005616579777,37.64521276196368,DAP,soudanienne,5.563428720105789,42.950733165016544,augmente,2,0,0,1
33.99682167966234,63.61782552394832,36.11562161543719,Sableux,Arachide,12.853441266188161,7.393662644559475,29.358469266520782,DAP,sahelienne,6.582700509005328,72.35402738537202,augmente,0,0,2,0
34.35194595111641,55.55203883777019,30.2236629770876,Limoneux,Arachide,10.40583963072088,5.21745372189517,23.384237577082423,DAP,sahelienne,7.200396366897197,74.32930821530606,augmente,0,0,1,0
29.10549139068188,65.8629695510167,44.794250426615186,Sableux,Arachide,11.563503918161587,2.939188279150365,41.920883746413345,DAP,soudanienne,6.287639923296636,97.07447424091009,augmente,0,0,2,1
33.820581720117694,58.687474595466576,30.581034316721762,Sableux,Mais,9.630058874436891,4.926319922109381,43.35262749602539,DAP,sahelienne,7.86640960744686,53.46885616939153,augmente,2,0,2,0
27.328710169593993,64.2940312164258,59.56108991350812,Sableux,Arachide,10.453958561485859,6.936537227059603,46.34405579341638,DAP,sahelienne,7.69674395956519,23.990859204464392,augmente,0,0,2,0
32.25969839218327,65.62752524221868,42.36830549401962,Limoneux,Arachide,13.165992588681178,13.114648828725546,38.3066047700498,DAP,soudanienne,6.398612565455598,139.73139601624803,augmente,0,0,1,1
33.630341148252384,64.63377421322966,46.215018269991454,Limoneux,Mais,7.453615888132548,6.80854239515474,20.705092890611056,DAP,sahelienne,7.190140012533133,41.01504578630491,augmente,2,0,1,0
32.85351476118349,59.96854352287328,49.69625786570033,Argileux,Sorgho,11.666593590755337,4.310017230929396,32.97363406252647,DAP,soudanienne,7.882540440101106,8.40115348376238,augmente,4,0,0,1
27.94708212168967,67.89197481745623,37.081048315469175,Sableux,Arachide,16.1839438109115,0.0,30.87192158822062,DAP,soudanienne,7.496929572786572,121.7009225941573,augmente,0,0,2,1
31.897850770702092,56.72418375854342,57.08407766935163,Sableux,Coton,11.266059816485397,14.045765425307433,34.5738004870392,DAP,sahelienne,7.282570505722742,30.913244946446497,augmente,1,0,2,0
31.695865766924005,63.05895223265961,34.95604113407544,Sableux,Mais,13.069220244002103,9.307267125262575,35.67533092514147,DAP,sahelienne,7.387446832872908,68.89995081464521,augmente,2,0,2,0
31.959902647434433,59.63954468987493,50.21000452342393,Sableux,Coton,10.578994649266408,0.0,20.473796410046603,DAP,sahelienne,5.613875389913381,42.48875380353244,augmente,1,0,2,0
27.09406902436642,57.29447309689972,58.12452181704185,Sableux,Coton,10.803240786412179,4.9680492316755505,41.028908223756744,DAP,soudanienne,7.762323792454538,90.0780152811862,augmente,1,0,2,1
28.29388808603219,63.164075588022726,50.64432255836295,Sableux,Mais,9.378426338382368,0.0,38.86797017111563,DAP,sahelienne,7.973333217070689,69.99915960195372,augmente,2,0,2,0
35.41161023923643,65.08535809167775,30.017530799984506,Sableux,Coton,9.030737282885546,7.839888558784251,32.58717056953364,DAP,sahelienne,7.1040499967860224,2.431793184922091,augmente,1,0,2,0
30.166734694845772,58.291851040774986,30.816069789372406,Sableux,Mais,14.379888351843748,7.251675922690511,41.81505649864693,DAP,sahelienne,7.085569997034037,57.79690482711632,augmente,2,0,2,0
33.98270626088459,66.04471114559364,31.3213259479394,Sableux,Sorgho,13.19382762766837,5.332995949022625,26.821421607868945,DAP,sahelienne,6.9079952311204025,24.794392738333315,augmente,4,0,2,0
30.20490718254767,53.49056900522754,56.121137567560545,Argileux,Sorgho,9.36545047693896,17.160468879641435,37.32783417414923,DAP,soudanienne,6.539152503751123,61.967954305535656,augmente,4,0,0,1
28.02266644235884,62.938254922077526,49.28922553314589,Argileux,Arachide,13.442805849166062,12.651626982124245,26.299820886649282,DAP,soudanienne,6.322739700786899,12.33605925061909,augmente,0,0,0,1
31.729076046634706,70.35059786408812,54.54630809493396,Sableux,Mais,10.765435524069979,6.7647424310720226,33.85111090779112,DAP,soudanienne,7.942427636565652,6.15731377214932,augmente,2,0,2,1
29.4485379387624,64.68827203581155,29.30930562997487,Sableux,Coton,11.2402596044823,13.486266735567279,33.24097688514316,DAP,sahelienne,7.019058939709847,16.539731659219132,augmente,1,0,2,0
25.480005725965725,67.51853931405597,27.324809317412708,Argileux,Mais,12.126040519458407,3.4924004841212506,30.627920171539948,DAP,soudanienne,7.38834732375993,183.09459751470303,augmente,2,0,0,1
29.1872130160886,59.13772615606035,44.161321924007225,Sableux,Mais,10.105359607250401,4.710475410404451,34.332787019435536,DAP,sahelienne,7.591484447827378,34.578166039283374,augmente,2,0,2,0
29.793494951280483,59.943701496537145,50.8805748946514,Argileux,Arachide,8.472591112952808,5.733019221041016,40.62948908446279,DAP,soudanienne,6.558964567197697,188.55440022105532,augmente,0,0,0,1
28.887816723077034,60.893787431791466,29.310146805315803,Argileux,Arachide,11.468132418610411,13.104925525288468,33.323279645233235,DAP,soudanienne,6.822758169151096,92.49885480248763,augmente,0,0,0,1
30.41620867459432,60.0384293306797,58.3429663944866,Limoneux,Coton,10.087894768101352,6.729066206052632,23.23466260984364,DAP,sahelienne,6.37785922639203,68.17713653783835,augmente,1,0,1,0
30.53784195846585,59.32534477165134,48.24861907600914,Limoneux,Coton,11.13441045345258,5.565052603364526,31.100022117739513,DAP,sahelienne,6.1827036258032955,48.98507078775378,augmente,1,0,1,0
29.982774312292705,61.289120019403306,34.42561413771138,Sableux,Arachide,11.060873489198602,10.034752707802305,27.148779073036504,DAP,sahelienne,5.784406156201629,24.002438447639733,augmente,0,0,2,0
28.964506431148614,59.683711239504895,45.76442051345219,Sableux,Mais,11.703101111337801,9.942010863658385,25.890608535967488,DAP,sahelienne,7.86821080772442,35.228141911460185,augmente,2,0,2,0
30.506329288180495,62.402709128964894,34.4900229747988,Sableux,Coton,11.686150976131387,0.0,31.387221392525895,DAP,sahelienne,6.035131140568586,15.813674949941516,augmente,1,0,2,0
28.494598868000033,63.527254677016465,42.46186709101934,Argileux,Coton,9.360288434263516,7.208181933209592,31.68196583739837,DAP,soudanienne,7.862088632551844,120.42036602546995,augmente,1,0,0,1
32.500987172707795,58.106541969977606,24.42857919772923,Argileux,Mais,10.61315612118406,9.334748126608824,22.1458476088674,DAP,soudanienne,5.7865998589642675,5.526366571186125,augmente,2,0,0,1
27.861530755140436,56.44824670099997,37.493668992441165,Sableux,Arachide,11.119319508850197,9.270794288188053,33.06427344072219,DAP,sahelienne,7.647955498527772,31.8834971492306,augmente,0,0,2,0
30.433251500732716,59.33717798306567,53.06599477444357,Sableux,Mais,9.44227163952091,11.13572825232657,29.785497531119788,DAP,sahelienne,5.510934955707524,47.810319455644795,augmente,2,0,2,0
35.46179817815634,57.711982331985155,56.21323140420676,Argileux,Sorgho,11.624897270792005,14.295180982783446,29.027842863891948,DAP,soudanienne,6.110236431231506,83.93445843145366,augmente,4,0,0,1
30.915966169789186,68.08429514949384,39.61721860334642,Limoneux,Coton,12.134963120030108,2.8240395509233864,36.72895812223777,DAP,sahelienne,6.667418522909495,15.948010315574903,augmente,1,0,1,0
26.159238715671023,60.60494388266882,43.96333944685524,Limoneux,Coton,14.310560469159016,11.058506340755073,30.54551537877128,DAP,sahelienne,5.527409132828859,52.20215022003351,augmente,1,0,1,0
34.6233853378635,55.456579788764,44.43930367867709,Limoneux,Mais,12.384485177913174,2.0561622033621543,24.38092824042972,DAP,soudanienne,6.631411258588956,84.23827596507816,augmente,2,0,1,1
31.702457248368287,59.724860921616326,33.195400743542166,Limoneux,Arachide,11.141948167551124,0.0,15.353074511176978,DAP,sahelienne,5.6819059405990675,33.27332263461728,augmente,0,0,1,0
32.06143467939189,66.4417011711845,44.1013451901952,Sableux,Arachide,13.667459739577808,2.764268618682422,43.48962060638553,DAP,sahelienne,6.412614233690284,53.896931817667905,augmente,0,0,2,0
32.398850626837145,60.84165009227519,56.395877482441904,Argileux,Mais,11.512887022835583,0.0,31.3500055721084,DAP,soudanienne,6.73960007776006,177.9931737493363,augmente,2,0,0,1
23.307705122676563,59.41334664980617,42.448891499685324,Sableux,Arachide,6.497172897176322,7.576749838380222,26.43698914405958,DAP,sahelienne,7.654434599473387,49.75055711123148,augmente,0,0,2,0
30.95729851287683,53.989163248740034,54.44634703183635,Sableux,Mais,5.892581822762187,2.5396329841194394,30.360019872147262,DAP,sahelienne,7.180210976515157,10.671938814199153,augmente,2,0,2,0
27.913454243428504,56.491126513561035,54.2519947406972,Limoneux,Coton,14.68813400719068,3.147400787860585,34.18902846037286,DAP,soudanienne,7.572242779939694,77.82460192300604,augmente,1,0,1,1
26.525266741156333,60.20670579650686,58.97897001209837,Sableux,Mais,9.437170607323482,0.039306926823100774,24.69612367840198,DAP,sahelienne,7.850790383098161,33.25628626279432,augmente,2,0,2,0
29.383060539689964,62.23388815338375,50.37358917181818,Argileux,Sorgho,8.642724220350251,6.62577659359192,21.78048339942769,DAP,soudanienne,6.352291022980226,168.10717598983877,augmente,4,0,0,1
29.869844346632696,59.14977178576697,53.151465574813294,Limoneux,Arachide,7.1045208933110695,0.0,32.22693947036265,DAP,soudanienne,7.350089862460442,75.12974709860016,augmente,0,0,1,1
29.22241943950749,58.69677024027932,45.85013154919677,Argileux,Sorgho,11.383670039915195,10.753847117695756,32.30373980945324,DAP,soudanienne,7.595844551483463,137.993802428345,augmente,4,0,0,1
33.85559908955063,67.98673249608288,50.22903966736587,Sableux,Coton,12.954601396922929,4.514451105048829,31.630194219294708,DAP,sahelienne,7.581896671131785,64.8055446583382,augmente,1,0,2,0
33.15012174202023,64.46067128449438,48.920388258836596,Limoneux,Sorgho,11.11015761652962,0.0,31.998295634408485,DAP,soudanienne,7.197822078337155,112.96255621723645,augmente,4,0,1,1
34.249353753576024,57.92915699631581,50.89896175724359,Argileux,Mais,6.449553163850992,3.3950371960563364,30.298755960265176,DAP,soudanienne,5.509823303555544,20.045651328576852,augmente,2,0,0,1
29.269979215645527,62.55163576136388,33.23064622664795,Argileux,Arachide,8.154835008314393,5.6352050179861015,37.57196115582098,DAP,soudanienne,7.793564632011253,162.20433785844537,augmente,0,0,0,1
34.64728495079898,58.243586313897225,41.93034040030807,Argileux,Sorgho,11.069152324079646,9.345846703715177,40.51348106729481,DAP,soudanienne,7.461103855176822,94.56089282254494,augmente,4,0,0,1
35.34997562980562,59.235291288904705,38.780155593831175,Limoneux,Sorgho,12.048400405951947,4.170939754530947,32.00477400542186,DAP,sahelienne,7.140569976022016,66.9178553332777,augmente,4,0,1,0
29.987748972522766,60.26201617214864,39.07033698461582,Sableux,Sorgho,13.446367865195551,3.3840472358707987,24.946895001805913,DAP,sahelienne,7.758898259243205,16.52105319438272,augmente,4,0,2,0
28.13167143539949,59.552076385649336,41.64068152154998,Sableux,Mais,8.60681304785235,11.991865779981099,32.56723895257236,DAP,sahelienne,5.624806214158448,5.709361111150404,augmente,2,0,2,0
32.26103951059729,56.1318375185522,27.676501487769862,Sableux,Coton,7.917984296780238,0.0,35.506841117843194,DAP,soudanienne,7.03428045463557,96.33996760246819,augmente,1,0,2,1
33.89862635783637,59.44074730532676,35.46267692881822,Sableux,Arachide,9.632783289422301,13.118578401802775,25.509548138588563,DAP,sahelienne,6.507432000308485,65.18336013087168,augmente,0,0,2,0
28.670861278562736,66.1787082676941,48.268831209741606,Sableux,Mais,10.90421810634814,11.030178133810713,22.220696814681872,DAP,sahelienne,7.454364647038187,45.94163042056698,augmente,2,0,2,0
28.366488177445916,63.70309651751024,65.7300476367516,Sableux,Coton,9.246768367403064,3.306677785755279,27.035186265032962,DAP,sahelienne,6.045673707133465,18.943842767689503,augmente,1,0,2,0
30.90742585663241,66.01509680104431,29.84572827801771,Argileux,Sorgho,10.149312634988062,9.775053534402609,31.98088126096299,DAP,soudanienne,6.1989859263080795,154.43050096149292,augmente,4,0,0,1
31.25046868710188,56.438208119594925,38.824314323010874,Limoneux,Arachide,9.173536682105363,0.0,25.25105973830405,DAP,soudanienne,7.090100887829715,199.3467540588763,augmente,0,0,1,1
27.56733160251533,61.683022302530226,38.20264951493593,Sableux,Sorgho,8.252743496568499,15.287259699511964,28.74460335191937,DAP,sahelienne,6.131856671871133,9.68650385931702,augmente,4,0,2,0
30.227876240875165,58.144486417839275,46.645691323068284,Argileux,Arachide,14.707148995314927,16.0962313977369,23.308545898530674,DAP,soudanienne,5.759684475697027,41.76740409039677,augmente,0,0,0,1
34.89381229538636,56.16540895107647,53.26354719059796,Limoneux,Sorgho,14.77897724560912,3.9195981097852504,41.14095122503176,DAP,sahelienne,6.305833279501184,24.596973842682086,augmente,4,0,1,0
33.123642411507205,58.54650377975117,29.570679195750408,Argileux,Sorgho,10.501221749891078,0.8300178979924464,34.30631190640164,DAP,soudanienne,6.769735523828194,167.82432062123297,augmente,4,0,0,1
32.43213965103889,69.52469448224282,33.01659051517254,Sableux,Arachide,8.590222413533116,8.068286005564724,21.47761936428484,DAP,sahelienne,6.1424648446344525,0.8187085127006011,augmente,0,0,2,0
30.19289185571518,65.8163981625906,44.388552819748625,Limoneux,Mais,9.571035090842813,3.9806173505062645,26.78447169646353,DAP,sahelienne,7.195150941969188,44.9292927833164,augmente,2,0,1,0
34.19869851193201,69.39107668383838,33.43405856298146,Sableux,Arachide,12.370844227140035,8.26397118525013,32.952212258116575,DAP,sahelienne,7.545530003426158,79.35976072118808,augmente,0,0,2,0
31.08500530834508,55.339939204665335,39.108830590893106,Sableux,Sorgho,9.448203417703029,8.670794179473095,24.447802035930934,DAP,sahelienne,6.409069371927893,79.45366316786662,augmente,4,0,2,0
26.720152718050635,54.155192917007426,46.56188144513491,Sableux,Mais,9.1525399561263,4.069717926083708,32.1596875778214,DAP,sahelienne,7.391556970224864,73.77050604235282,augmente,2,0,2,0
27.69352908508093,60.43204076517091,37.2230528086145,Argileux,Coton,11.72326813005965,9.068931181654671,25.299334491636895,DAP,soudanienne,7.503024750609072,183.9061257825665,augmente,1,0,0,1
30.82503565078516,62.188598654429825,50.433997286889785,Sableux,Mais,13.796479803683123,8.652332413143963,31.737907826692982,DAP,sahelienne,7.955100218977455,72.2400868121197,augmente,2,0,2,0
28.351449781316212,66.01500059635546,37.190347501267915,Sableux,Mais,11.240082034737053,14.579056607271081,32.098836527530786,DAP,soudanienne,7.395323016242112,2.9660324863415743,augmente,2,0,2,1
35.2761520892288,60.56037902475911,44.33961254668517,Limoneux,Sorgho,9.288062516398274,7.920466176608831,40.681120350750305,DAP,soudanienne,6.329765712243741,165.1217345015188,augmente,4,0,1,1
34.56823880107359,58.13346522082807,38.10306629036941,Argileux,Arachide,15.086088596092509,0.668911350651257,31.341630501677198,DAP,soudanienne,5.500394361445142,22.2194417691981,augmente,0,0,0,1
31.726010524131098,60.682186183771094,32.292013769508166,Sableux,Sorgho,5.086584270144707,12.835190845455003,28.971689166742564,DAP,sahelienne,6.342411969617075,5.362246323001818,augmente,4,0,2,0
33.28489782418315,48.74979502053863,34.63053918614828,Sableux,Arachide,14.525883343772698,2.5403620192402294,36.50988599043344,DAP,soudanienne,5.527570210672251,120.66157567778862,augmente,0,0,2,1
33.08986836227048,63.92684587343223,39.0217052818348,Sableux,Arachide,11.884594048322631,3.698108591970788,28.116314296075107,DAP,sahelienne,5.51031788668651,37.26970469570947,augmente,0,0,2,0
28.149585249370737,63.09785125680766,37.23529902233989,Sableux,Arachide,8.314906897169857,6.909651007621218,29.176129838522833,DAP,sahelienne,6.5401755888832,38.74743218176999,augmente,0,0,2,0
28.759839412863098,68.534223270419,46.78446261788641,Limoneux,Mais,11.687800578869496,4.077643000106985,23.677142767861902,DAP,sahelienne,7.983431970400437,3.9433599219043547,augmente,2,0,1,0
33.033876083381074,58.59181079748611,51.41051819730527,Argileux,Sorgho,11.433217707135478,11.037346992944318,31.63496361248719,DAP,soudanienne,5.9905391279257385,90.60295007603769,augmente,4,0,0,1
29.482784447616993,67.66822022775416,28.77340419558989,Argileux,Sorgho,12.452852965970079,1.7869138401323,29.728844391032656,DAP,soudanienne,5.895331614298412,89.50844709325484,augmente,4,0,0,1
30.86682035433932,59.605296918902646,34.24198068893506,Limoneux,Mais,8.538840487432694,3.9133965522649383,31.599612485687807,DAP,sahelienne,6.9731794030927166,14.01794338928922,augmente,2,0,1,0
32.4567532601521,57.862353453030764,45.2441628067634,Argileux,Sorgho,9.321818288467627,10.241600698336153,30.424199721964154,DAP,soudanienne,6.105824528634347,105.73717073576394,augmente,4,0,0,1
30.34038890429558,58.85940123094294,47.810279232354745,Sableux,Arachide,9.91012651905371,12.022717564819256,36.37221050519802,DAP,sahelienne,7.060726001958175,66.93685764667693,augmente,0,0,2,0
31.01572771789142,62.55711879993685,58.684403169958486,Limoneux,Arachide,13.889258106764537,0.0,27.141546926747484,DAP,sahelienne,6.619728362111157,40.19188222748285,augmente,0,0,1,0
32.020152855023774,61.54119236991238,54.44740414587474,Argileux,Mais,12.908168518578965,6.910987733691875,21.455433228083635,DAP,soudanienne,6.017102595358903,71.54335298848551,augmente,2,0,0,1
31.154795227061364,58.73567719125819,46.866794340191994,Limoneux,Mais,9.073769909827774,7.704031432423334,32.882609862753725,DAP,sahelienne,6.194410123693138,52.02924483963565,augmente,2,0,1,0
30.796810311976127,63.38173262498716,43.79461750450059,Argileux,Sorgho,13.74813829031908,6.4920432486450705,24.946456633125344,DAP,soudanienne,7.482484128481278,129.36113206981938,augmente,4,0,0,1
28.400967128778284,65.12084658904863,40.456287143074,Limoneux,Mais,9.266281441472426,10.720945091107598,16.18626765646105,DAP,soudanienne,5.973390569201663,4.792277024853964,augmente,2,0,1,1
27.214994107643967,69.72714319455743,54.71954662540797,Limoneux,Arachide,8.987143686237435,7.032755034501236,37.118794469920324,DAP,sahelienne,6.873128178444736,19.56059978755402,augmente,0,0,1,0
30.85276769568732,64.35204488979329,55.251644614097664,Sableux,Mais,7.290522282699349,8.635060807233124,32.66594424944643,DAP,sahelienne,6.517160268848249,78.3560610490259,augmente,2,0,2,0
26.41192865724879,60.59552298682752,42.776202074437094,Sableux,Sorgho,11.4185983648055,9.521148146049027,27.532309982355248,DAP,sahelienne,7.306905082099242,65.60474925970028,augmente,4,0,2,0
33.38967530438322,57.85436267554751,22.44777825653554,Argileux,Sorgho,13.826319370445225,5.5793320692978785,35.84842836076614,DAP,soudanienne,6.987420893353676,65.50945418769858,augmente,4,0,0,1
28.608282266945416,66.21599221450964,35.8820992962546,Limoneux,Coton,16.019479739548764,2.3054025346586955,25.505751678209077,DAP,sahelienne,7.019927918995406,68.17892199807288,augmente,1,0,1,0
30.206534696993806,58.99198465196051,37.347096431542845,Limoneux,Mais,7.800039923892351,9.039244590359978,45.383551408922195,DAP,soudanienne,6.5738728088016884,27.605521787579356,augmente,2,0,1,1
28.32577906006967,64.25475554210884,64.28951861181245,Limoneux,Sorgho,9.81950986293059,2.396416433388726,29.14672162350873,DAP,sahelienne,6.077939707843486,49.12249587589205,augmente,4,0,1,0
30.401212588623878,66.35583528035028,54.294498230224136,Argileux,Arachide,5.100938266655744,10.555923236466027,37.1668100255555,DAP,soudanienne,5.594994593261855,96.9556120180894,augmente,0,0,0,1
30.8667930405281,65.21140584171296,53.47935574907425,Argileux,Coton,10.594915758186415,11.484129587862022,26.880769598752757,DAP,soudanienne,7.035109017431409,86.75688044147454,augmente,1,0,0,1
25.98988091207826,58.655592648652686,47.01047274198269,Argileux,Mais,10.603932601402159,9.679465826186274,28.332985029186755,DAP,soudanienne,6.232089056150651,63.09784129644478,augmente,2,0,0,1
27.483112588882538,61.863722343027206,42.99607317862051,Limoneux,Coton,5.688088855216395,11.653116714930846,35.312358994277226,DAP,soudanienne,7.958039966634365,88.5741012211781,augmente,1,0,1,1
27.30786833941329,60.34752944973896,57.89279062390561,Sableux,Arachide,9.531861121400269,2.5300003389237395,31.100559378276433,DAP,sahelienne,6.338691526402174,44.023641854650364,augmente,0,0,2,0
33.282619090823495,59.961137182472235,40.75181839433167,Argileux,Mais,9.935476934527655,0.0,29.63996467062852,DAP,soudanienne,7.925191547275002,155.71060510370842,augmente,2,0,0,1
26.078367295195363,66.59320532124775,44.298247106041075,Limoneux,Arachide,11.339501035531228,13.282953297212032,35.43540609498312,DAP,sahelienne,7.954318043454148,61.071254275308775,augmente,0,0,1,0
26.792415846829098,56.158462249669256,55.12350084517275,Argileux,Mais,9.259177174160511,5.645350652893991,39.793722437447265,DAP,soudanienne,6.4768758692727335,120.29422017624147,augmente,2,0,0,1
27.37059049661083,65.1591451965669,35.20546818109073,Sableux,Arachide,10.996408076134742,6.218380201416515,28.985954583851058,DAP,sahelienne,7.410031564164302,6.5112253306386325,augmente,0,0,2,0
30.695660266953876,60.59011276067157,52.830358864020525,Sableux,Sorgho,10.693774908945253,6.094654305301731,20.788894306104034,DAP,sahelienne,6.9979390880264445,30.633312586381926,augmente,4,0,2,0
32.5440526658399,63.34717749752955,43.014096335931384,Argileux,Mais,13.31040869895649,0.0,29.959020284068238,DAP,soudanienne,5.930990358246132,122.89620164059647,augmente,2,0,0,1
27.33974100297108,60.397730431139465,47.42448688732765,Limoneux,Arachide,13.12894483961608,0.10090005480599373,29.00781740051094,DAP,sahelienne,7.923374036049563,46.98934235659888,augmente,0,0,1,0
31.34979825442551,57.297723060952755,39.95817271342385,Limoneux,Arachide,9.46526636732681,7.536471542947059,32.20028706980515,DAP,soudanienne,5.970867183223625,158.6459356546644,augmente,0,0,1,1
37.10763976078292,58.873984857356476,46.58895747073441,Limoneux,Mais,7.376189126299192,0.0,28.840080933039086,DAP,sahelienne,7.474870674417597,15.5243104196484,augmente,2,0,1,0
31.813013593952466,63.28121418941357,49.44762008716788,Limoneux,Arachide,8.233536818175821,0.0,22.162422441633694,DAP,soudanienne,5.863229279914454,154.96555333092428,augmente,0,0,1,1
30.44494062681331,54.627581054203965,34.08928527263234,Sableux,Arachide,10.611018381287302,3.343109263309831,33.34911970738023,DAP,sahelienne,7.6022224417787125,31.728703946747583,augmente,0,0,2,0
30.42961238875284,64.91194582283677,43.58308721409388,Argileux,Coton,10.78079161077484,8.007762906851282,32.49223037309123,DAP,soudanienne,6.2823640433708965,100.1510549481972,augmente,1,0,0,1
31.112318997068883,64.60389457737311,31.64619352461975,Argileux,Mais,11.927659845399065,2.202407630840982,35.172988828817104,DAP,soudanienne,7.851792699097771,174.25458152347892,augmente,2,0,0,1
31.858221754311778,61.5650711651714,59.68557073860774,Sableux,Arachide,7.489777014467811,7.996927663944716,21.60211236513912,DAP,sahelienne,6.528068406579151,79.89587854730294,augmente,0,0,2,0
32.33131229773475,61.458517948747264,42.47679511365313,Limoneux,Mais,9.606794537809527,8.176674620049065,40.700735695260335,DAP,sahelienne,6.586050345295824,37.27733985489094,augmente,2,0,1,0
27.576752600806717,61.40388130622795,52.697650905939575,Argileux,Arachide,16.083330551668176,0.7880345420319035,36.81988522386586,DAP,soudanienne,6.13024664890575,96.67086061177979,augmente,0,0,0,1
31.872985817050576,58.67646969855688,39.80038615676327,Argileux,Mais,11.952894048572382,3.511228228163376,36.38933383050864,DAP,soudanienne,5.515218827438975,199.66138607639763,augmente,2,0,0,1
29.984688190052477,59.89577015447967,27.63281639520205,Limoneux,Mais,11.024800852162377,8.382640997988696,26.360174060889424,DAP,sahelienne,6.562169817670028,13.777465776562616,augmente,2,0,1,0
29.302681902971752,61.39622784252184,31.95010011254493,Argileux,Arachide,8.465055994974671,11.549622269515249,26.56153727609388,DAP,soudanienne,7.01350092988336,136.0426741867336,augmente,0,0,0,1
27.74679167056552,58.743199247733806,40.5666046501894,Limoneux,Arachide,7.497023053683895,13.44202932786728,28.02515396441073,DAP,soudanienne,7.575347255691634,43.95006003337589,augmente,0,0,1,1
32.89061444656979,57.902712802347494,31.955358798299017,Sableux,Mais,9.06632503494588,0.0,35.337652998276596,DAP,sahelienne,5.835596047734359,79.37373715587276,augmente,2,0,2,0
28.250135760957004,61.215074666613496,42.651544839582144,Argileux,Sorgho,11.805326997589946,8.801328717275947,34.94653392208432,DAP,soudanienne,7.163511981595635,40.289296329158766,augmente,4,0,0,1
24.237641605677343,60.518578600781225,45.446029772190094,Sableux,Coton,13.951655823147384,6.694577720029882,23.952644049380055,DAP,sahelienne,7.010180251497659,67.3768064168208,augmente,1,0,2,0
32.54685705938559,63.15453666065206,32.021856557978936,Sableux,Coton,10.397694917333123,4.950227206043851,23.838832772471797,DAP,sahelienne,5.634242969848436,11.954552171361525,augmente,1,0,2,0
30.98846384708209,57.49061809774453,34.74714911576872,Sableux,Coton,7.873912010981343,10.912222729227771,35.56670423245235,DAP,soudanienne,5.752222005264647,135.97457478943497,augmente,1,0,2,1
27.727274322542353,63.57101342174217,66.13643821247393,Limoneux,Coton,7.470712605793167,6.033002311778834,37.76959388540691,DAP,soudanienne,7.2074110467217185,176.26497789299034,augmente,1,0,1,1
33.5806893960952,63.96635370103644,51.92289920483482,Limoneux,Sorgho,12.307745796371654,0.1427744311603112,30.05425445414753,DAP,soudanienne,5.648815492179557,26.037869840160475,augmente,4,0,1,1
29.810454568647764,56.91899216696289,40.60680314902207,Argileux,Mais,5.957000949332711,11.893714036138373,31.83790209389206,DAP,soudanienne,7.504800980639956,151.318786802826,augmente,2,0,0,1
32.29108410458362,54.91457353975754,58.69636679552764,Sableux,Mais,8.18881874949204,2.6228877255620797,35.5727265869497,DAP,sahelienne,6.5644040373257635,2.5165756196820865,augmente,2,0,2,0
26.247322112386417,50.096304069381844,36.81848090048271,Sableux,Sorgho,15.37010179211729,16.116343470525525,30.299402556255366,DAP,soudanienne,7.551688458502676,120.72890490119757,augmente,4,0,2,1
30.561923529129334,57.75975542699369,45.25851883904693,Limoneux,Mais,9.480710052767579,9.167424570692958,34.56596419565022,DAP,sahelienne,5.838446490027753,50.433739853513856,augmente,2,0,1,0
28.68053208982625,64.90254634660415,48.255100697990095,Limoneux,Arachide,11.514537311301869,0.0,18.93353884559962,NPK_15_15_15,sahelienne,6.725298090316955,5.135638879825146,augmente,0,1,1,0
32.59315581042909,55.23253982927692,56.37042285174544,Argileux,Sorgho,19.768510522701483,0.0,14.623104551025296,NPK_15_15_15,soudanienne,7.19587657363755,198.38532366162215,augmente,4,1,0,1
29.922781005247554,52.49575889654744,40.90004715799435,Limoneux,Sorgho,14.424193856246482,0.3196689400569266,18.265763259509846,NPK_15_15_15,soudanienne,6.212748748457485,58.130065873073676,augmente,4,1,1,1
31.464729089079462,65.13945567113078,52.39573263662033,Limoneux,Coton,16.583219870772115,1.4711139863671412,13.366837276179998,NPK_15_15_15,sahelienne,7.137561741012725,27.726239030062338,augmente,1,1,1,0
29.57619428580799,63.15457284336507,37.787090094938435,Limoneux,Sorgho,13.34064976376825,1.1362416682248393,13.651278830208238,NPK_15_15_15,soudanienne,6.235870416288446,149.09340764141106,augmente,4,1,1,1
25.471128281524035,58.783246488554354,49.519502061358715,Limoneux,Arachide,13.688984027344832,8.403629409746298,16.54896663788408,NPK_15_15_15,soudanienne,5.932306244068153,85.44060545636691,augmente,0,1,1,1
33.12664399993383,58.91058381320645,42.031781744374484,Limoneux,Sorgho,22.837406410127397,2.6616427169124854,19.249607258348174,NPK_15_15_15,sahelienne,7.83976396329954,39.059290354674445,augmente,4,1,1,0
29.729060919525264,56.903829102984446,55.75889230032024,Sableux,Mais,13.236206925834047,4.176733392026,15.51682455220755,NPK_15_15_15,sahelienne,6.320680733895378,13.409140491730351,augmente,2,1,2,0
29.612461422027906,54.12203717463613,45.120627871580275,Limoneux,Coton,17.075202717842664,1.5019172346548428,15.04040471495449,NPK_15_15_15,soudanienne,7.759364426522354,139.646597962626,augmente,1,1,1,1
27.47964831050798,62.700467831479564,32.01089552227147,Sableux,Sorgho,17.7193308195547,7.478859725702124,11.939185568611519,NPK_15_15_15,sahelienne,5.931641339580997,37.44486902363715,augmente,4,1,2,0
33.91594325111112,51.73005448742601,43.699799969069225,Sableux,Mais,17.151065693240596,3.377225465604059,19.743129205465603,NPK_15_15_15,sahelienne,7.736776138567164,7.30471020625286,augmente,2,1,2,0
28.69767795248949,58.521661487922565,40.42693285650725,Sableux,Sorgho,15.14729672297975,2.069742881250775,15.262267733441718,NPK_15_15_15,sahelienne,7.592519489507794,69.96611813745605,augmente,4,1,2,0
25.893941179378924,59.03616893673096,57.02437881729147,Limoneux,Sorgho,18.17126773728147,0.0,23.699394432294003,NPK_15_15_15,soudanienne,7.06907588725447,59.81286192176862,augmente,4,1,1,1
23.421227527449503,52.27296381508776,41.569036426769266,Sableux,Mais,11.038878510380425,4.067566857284075,13.694540517448035,NPK_15_15_15,soudanienne,7.811075229460656,96.27116642157046,augmente,2,1,2,1
29.810727924453772,48.439301913888265,38.589385504149085,Sableux,Coton,14.63687846102365,0.0,21.87952919923824,NPK_15_15_15,sahelienne,6.231811094599429,63.32591271440223,augmente,1,1,2,0
24.203160548876852,58.47740939234619,41.38253957189276,Argileux,Sorgho,25.98451371540635,1.4810998674103626,23.372959844733995,NPK_15_15_15,soudanienne,5.632061611210342,164.9893858921115,augmente,4,1,0,1
25.114939751989546,56.56886455835398,43.084924019050696,Sableux,Coton,28.155796329099935,0.4009789823278489,18.977561056362674,NPK_15_15_15,sahelienne,5.506318874579772,63.38005601312146,augmente,1,1,2,0
29.714407197540282,60.698734184383184,45.49705769190715,Argileux,Sorgho,11.017141516778302,2.568953638306027,11.42429454275632,NPK_15_15_15,soudanienne,5.989246348257599,4.7004845636648085,augmente,4,1,0,1
24.52931219540759,62.355339791148374,33.46709529019014,Limoneux,Sorgho,11.599921622092683,0.43578804315029296,11.202989510446741,NPK_15_15_15,sahelienne,7.797130128147274,15.387452518001714,augmente,4,1,1,0
26.2680288077527,58.579534261493954,43.427195428829435,Sableux,Sorgho,9.898298091472714,11.694964743252648,15.419412232064595,NPK_15_15_15,sahelienne,7.710175273539328,41.33227914089943,augmente,4,1,2,0
27.672592853210386,60.056880065067304,54.1052178536891,Sableux,Coton,16.858909683648786,6.743635213423946,11.59830095704489,NPK_15_15_15,sahelienne,6.670163651065578,26.739709932570506,augmente,1,1,2,0
32.28315780574853,59.2726517868485,33.96291986483349,Argileux,Sorgho,18.979230200315268,0.0,13.391041255005002,NPK_15_15_15,soudanienne,7.163010258702668,176.39751815322592,augmente,4,1,0,1
32.19344266608519,51.48608559513604,45.97471238700062,Argileux,Arachide,16.137159726801475,4.658690492113053,22.30375782025097,NPK_15_15_15,soudanienne,7.387857625290353,110.59511720348796,augmente,0,1,0,1
29.027942960992196,60.68479117167987,53.51999976227195,Sableux,Sorgho,15.366243942731732,0.0,17.097547480535248,NPK_15_15_15,sahelienne,6.794120222544013,78.27653377474272,augmente,4,1,2,0
30.758242697951708,59.03107564524624,52.61050234738538,Limoneux,Coton,21.516321965962856,2.321154271790338,14.730742490024436,NPK_15_15_15,soudanienne,6.936084393240896,157.26191054205597,augmente,1,1,1,1
29.668116976179487,62.6883308039049,44.28820088781566,Sableux,Arachide,5.123711651103866,2.378826309330007,13.752966137017655,NPK_15_15_15,sahelienne,6.033653790347422,75.15847101719004,augmente,0,1,2,0
30.64294243883511,63.68523900938844,42.497660515108656,Sableux,Mais,20.67447080656719,0.0,20.98310045558042,NPK_15_15_15,sahelienne,6.8343016533802015,52.63606624955314,augmente,2,1,2,0
31.601607973543622,59.08399941439955,28.20315550111936,Limoneux,Arachide,11.849872073143883,0.0,12.74827923607763,NPK_15_15_15,soudanienne,6.039814002347394,17.073755865313057,augmente,0,1,1,1
27.611387600624294,55.6816904287218,48.3746713501642,Sableux,Mais,9.48861957851649,5.854861252886666,23.02996491914267,NPK_15_15_15,sahelienne,5.651923170990602,34.08801231846881,augmente,2,1,2,0
29.68297203232775,54.20489617301168,48.93183349096127,Limoneux,Sorgho,16.59320062504516,0.0,14.799645655372126,NPK_15_15_15,sahelienne,6.778716923022084,73.67089262641561,augmente,4,1,1,0
31.61332284416662,60.4517407672322,42.84457159436344,Sableux,Mil,14.471151345221278,2.2593114619929713,16.270843335927953,NPK_15_15_15,soudanienne,7.232272878920202,73.29132926799593,augmente,3,1,2,1
31.281097763656415,62.28342706436084,47.42710114631318,Limoneux,Arachide,17.729172843062997,0.0,21.59914992042168,NPK_15_15_15,sahelienne,6.850164288210429,78.17463252759967,augmente,0,1,1,0
29.313433254731525,55.19944176008233,37.95063020536371,Sableux,Mil,17.065654176893545,3.6883428136769396,15.720726232888767,NPK_15_15_15,sahelienne,6.262336594244152,33.643015205510125,augmente,3,1,2,0
27.07614435927618,56.60212482205374,54.280084632341946,Limoneux,Arachide,18.486684752904466,10.583441802027112,24.532934473792757,NPK_15_15_15,soudanienne,7.102798662629948,167.92489917231214,augmente,0,1,1,1
30.29222544160135,57.12595237286091,50.00569029664142,Argileux,Arachide,17.611661869687772,0.0,16.16562509858351,NPK_15_15_15,soudanienne,7.997112067961578,8.45379884718691,augmente,0,1,0,1
27.680175451210022,57.53474031125673,45.90798772277365,Limoneux,Coton,20.542832131028405,0.0,12.430696517046599,NPK_15_15_15,soudanienne,7.003440528607901,112.09469643470035,augmente,1,1,1,1
25.87691486638873,58.434028412424446,48.23027312946836,Argileux,Coton,21.328722861512315,1.259896339680819,16.85405290195949,NPK_15_15_15,soudanienne,7.5424211261871905,167.87417270757808,augmente,1,1,0,1
31.212440453279495,52.19965934576439,40.805444136287946,Limoneux,Coton,16.210182760365868,0.0,11.993992425942539,NPK_15_15_15,sahelienne,6.3902241843868675,8.504465705036113,augmente,1,1,1,0
26.775551171748603,60.569194767992634,38.59041742152362,Sableux,Coton,14.401168074580305,0.0,13.429836472804999,NPK_15_15_15,soudanienne,7.281444858118152,77.44357141584095,augmente,1,1,2,1
29.434659586516197,66.65245605525894,31.462554394542963,Sableux,Coton,14.124827321063329,0.0,12.442430476167715,NPK_15_15_15,sahelienne,6.805183927843332,43.39566448617654,augmente,1,1,2,0
27.391784087037045,58.909660973961586,33.90771163225568,Sableux,Mil,14.817963804230962,2.8993342541171634,16.464119115130266,NPK_15_15_15,sahelienne,7.2583523862973305,53.46075497665396,augmente,3,1,2,0
25.46436405530942,58.198484892666904,44.49191673061903,Argileux,Sorgho,24.73140457179599,0.0,12.833396869262383,NPK_15_15_15,soudanienne,7.026871237385774,152.3939489194307,augmente,4,1,0,1
31.75603393076325,53.704943282572636,44.95432746314032,Sableux,Mil,15.699979889287752,1.790691983476528,25.755176691045786,NPK_15_15_15,sahelienne,6.296995904376378,31.65359312770528,augmente,3,1,2,0
26.254867445147802,55.83106899661542,48.590521855844955,Argileux,Sorgho,17.983096655651224,10.270842889949215,7.880652824834213,NPK_15_15_15,soudanienne,7.335545848822172,83.8400014541469,augmente,4,1,0,1
29.32670081967141,55.93575523140574,52.73078069292043,Sableux,Coton,16.205234185525907,2.0709944950086765,21.028046754163334,NPK_15_15_15,soudanienne,5.6817097775065575,111.73628878744675,augmente,1,1,2,1
30.53288692883179,57.8982453619392,54.9329799314202,Sableux,Mil,6.435814720823917,2.8639342123527216,28.08815510189129,NPK_15_15_15,soudanienne,7.791170871665141,168.06724764421662,augmente,3,1,2,1
27.985959985127636,62.750024047691895,33.84422751534255,Limoneux,Coton,12.05574160866994,4.482959783576121,15.94010594939794,NPK_15_15_15,sahelienne,7.59907346892248,34.15216698582697,augmente,1,1,1,0
25.537468816269364,55.18689912433569,46.81536381836325,Sableux,Coton,15.836830541454482,6.200209878520689,14.137994562602444,NPK_15_15_15,sahelienne,6.176172764041272,34.587819067050525,augmente,1,1,2,0
26.560513231212514,56.29805083880776,42.274229505783886,Argileux,Mais,18.76646842006067,3.2075630730488127,19.282922859510958,NPK_15_15_15,soudanienne,5.87070634473979,145.15177509065512,augmente,2,1,0,1
28.96339376237639,49.14906040295183,38.32009519174875,Sableux,Mil,17.87416629560358,0.0,23.338590080490093,NPK_15_15_15,sahelienne,6.233696443397536,21.259710094932913,augmente,3,1,2,0
31.75449521498758,60.15254780695269,44.89471147070565,Argileux,Coton,12.684808903819151,7.167024826065665,21.132490443466565,NPK_15_15_15,soudanienne,5.553599666557783,191.7573287880816,augmente,1,1,0,1
31.23304450135646,59.68227588057245,28.18503465373817,Sableux,Mais,11.992722842515644,0.286468554319649,22.54513681984958,NPK_15_15_15,sahelienne,7.227301425177988,68.32124243643675,augmente,2,1,2,0
29.475574158295085,56.73492306074394,52.04908933633667,Sableux,Mil,10.27123938341798,4.91655805880165,18.44384931055889,NPK_15_15_15,sahelienne,6.228784645860884,42.601189580521606,augmente,3,1,2,0
26.942578144946776,58.648967993898616,32.03888484401938,Sableux,Arachide,12.49629933411403,7.748349613873156,16.258463674890166,NPK_15_15_15,soudanienne,7.588405885447232,126.75768390900043,augmente,0,1,2,1
24.401165139468343,60.00986746024223,34.824626989563214,Limoneux,Arachide,16.604771052337412,5.541185342282539,14.496317712492205,NPK_15_15_15,sahelienne,6.7502308394555826,15.811822489569227,augmente,0,1,1,0
24.440003238145323,66.66878917585855,38.729933572520366,Sableux,Sorgho,25.026573140260744,5.153480472628054,19.508674658355204,NPK_15_15_15,soudanienne,5.626438915197526,59.19852502879339,augmente,4,1,2,1
29.36947003013772,64.68673056423258,39.79944042542019,Limoneux,Sorgho,13.878063153820545,0.0,20.74935850554974,NPK_15_15_15,sahelienne,7.6409352455370065,31.420014683096795,augmente,4,1,1,0
34.07598005972532,64.33720511445486,24.940849719626453,Sableux,Coton,16.113152644683723,1.5807523963178736,18.867389240779637,NPK_15_15_15,sahelienne,5.993961464570796,40.13623873410793,augmente,1,1,2,0
31.139621444723048,54.741746239372695,32.525605503159255,Sableux,Mais,18.14981005437863,6.116761125559242,14.513485855432329,NPK_15_15_15,sahelienne,6.390417413286108,25.46212368955843,augmente,2,1,2,0
29.086055058682796,54.33376914324954,62.32802281981877,Limoneux,Mais,18.152381618447176,4.013704982677308,20.93203185227724,NPK_15_15_15,soudanienne,6.917911365739677,193.9851147131887,augmente,2,1,1,1
27.93461137671755,52.42659769889647,47.522390882790134,Sableux,Sorgho,14.26713460400635,9.106661866190043,8.513403376290976,NPK_15_15_15,sahelienne,7.067290698284739,5.106082776777088,augmente,4,1,2,0
29.222689421564258,52.41866168352607,55.88374576272235,Limoneux,Mais,17.403959062229973,0.0,13.570963508866729,NPK_15_15_15,sahelienne,6.676080619158103,27.58990269545678,augmente,2,1,1,0
28.326283407629212,57.4537107946884,51.00508595298299,Sableux,Mais,18.356570623062,0.8704412416193037,14.957719030845096,NPK_15_15_15,soudanienne,5.694164654445884,175.79846155173,augmente,2,1,2,1
30.30927121375032,55.21636272293765,53.40879109145425,Limoneux,Mil,19.11431608875598,0.47036581873312633,19.245056192145107,NPK_15_15_15,sahelienne,7.435996342543139,26.287373042244386,augmente,3,1,1,0
29.005933895096486,62.87568271499318,38.6027348413526,Limoneux,Mais,17.351725361770907,0.0,18.00374803239407,NPK_15_15_15,sahelienne,7.63854038657795,30.2537451562345,augmente,2,1,1,0
31.589423738205372,63.2118448528409,46.421575995386654,Argileux,Coton,12.82351363869492,5.433417709368663,15.051893060816377,NPK_15_15_15,soudanienne,5.9709869185012305,119.2325595821355,augmente,1,1,0,1
27.435334039434203,61.967055093379216,59.029389106031715,Argileux,Arachide,22.079429741998066,1.218457336409364,21.445010042494097,NPK_15_15_15,soudanienne,6.824747939512519,46.98971256667854,augmente,0,1,0,1
23.954376655305456,54.7609693487355,58.886146849100975,Argileux,Mais,9.620855089558653,4.735394986007721,14.64493736871017,NPK_15_15_15,soudanienne,7.661975554999739,1.6201883294644892,augmente,2,1,0,1
25.323141630203633,56.837326513044296,46.064675415491706,Limoneux,Sorgho,25.643108752009695,3.7754199740602186,14.614686906230817,NPK_15_15_15,sahelienne,6.163839014034405,56.97991134752112,augmente,4,1,1,0
31.2108129161557,53.38788011475712,47.93739959212589,Limoneux,Arachide,15.36555836103123,0.0,12.119365525969497,NPK_15_15_15,sahelienne,5.639950712154216,74.39878265073078,augmente,0,1,1,0
29.269546577934214,61.614942762652554,51.659531203571696,Argileux,Coton,20.92192099389654,0.0,18.888931634215766,NPK_15_15_15,soudanienne,5.615883173585699,93.39829078036297,augmente,1,1,0,1
28.339900718568813,58.63098847552758,53.35681996184557,Argileux,Arachide,13.686180123851866,0.0,13.934659699074754,NPK_15_15_15,soudanienne,7.653406797391417,56.40847095793422,augmente,0,1,0,1
27.08178014226863,50.51007988202838,41.99549794013413,Argileux,Sorgho,15.663567180400612,5.604340297130559,9.626159691428336,NPK_15_15_15,soudanienne,6.437130681992011,166.85110071703437,augmente,4,1,0,1
33.84250865893953,62.803700071581154,45.48743587702023,Sableux,Coton,15.395760523062437,3.7485015134993445,19.435650853750573,NPK_15_15_15,sahelienne,5.753930359111653,43.06021970758125,augmente,1,1,2,0
27.45498116966459,57.95967347314177,36.77670885141625,Sableux,Arachide,14.537401991745767,7.635517708748612,18.521357010310165,NPK_15_15_15,sahelienne,5.659689459654721,48.08614392051141,augmente,0,1,2,0
29.13568213308951,57.48896427648854,44.727291802732275,Limoneux,Arachide,9.684753855613867,0.829042646507318,18.604839557302814,NPK_15_15_15,soudanienne,5.574451968302302,105.34994997614953,augmente,0,1,1,1
29.474584060605345,60.66519908471163,38.30181358292102,Sableux,Mil,15.600589911995776,0.0,16.212829249139176,NPK_15_15_15,sahelienne,6.238442509601541,75.53394908045294,augmente,3,1,2,0
28.91469329547987,57.29216493013726,52.630700733217886,Sableux,Mil,12.925096347057753,0.0,19.300957186455896,NPK_15_15_15,soudanienne,6.527249762479516,48.69080239435315,augmente,3,1,2,1
20.89552784702869,64.54205805443722,35.90089386433549,Sableux,Coton,14.087354947982194,0.17748636371928228,12.061388410580738,NPK_15_15_15,sahelienne,6.071046142079839,44.58760517731734,augmente,1,1,2,0
30.07406189461016,56.445875060957206,43.73677802362219,Limoneux,Coton,16.34818349576496,0.0,14.142549931842046,NPK_15_15_15,soudanienne,5.583897954118128,59.63945963018589,augmente,1,1,1,1
29.28043502590619,57.16901588058458,43.1302685745708,Limoneux,Coton,6.0300763023810315,0.0,13.719634239268204,NPK_15_15_15,soudanienne,5.858943658621488,132.28816769015495,augmente,1,1,1,1
34.40416600784177,67.54443430250568,41.11920332472385,Limoneux,Mais,26.55664757459202,0.0,16.652600570470632,NPK_15_15_15,soudanienne,6.893686372439134,122.57095479267277,augmente,2,1,1,1
28.491095369630703,59.55474070473104,44.74778837227506,Limoneux,Mil,25.785459456465663,3.2868270945913918,9.646690286622897,NPK_15_15_15,sahelienne,6.4036958352356885,16.143966507375218,augmente,3,1,1,0
34.33957603194075,57.127407312675146,52.63674742787128,Argileux,Mil,19.39028895242334,0.0,14.881471883580646,NPK_15_15_15,soudanienne,6.212271557604413,172.3128568499913,augmente,3,1,0,1
30.43570061553158,61.61978627232247,41.84308101924748,Limoneux,Coton,15.295086580568858,0.3471451717457317,16.329944439553433,NPK_15_15_15,sahelienne,6.632840828696249,75.2975622996526,augmente,1,1,1,0
26.012746666663617,57.606000563485765,56.098310134978945,Argileux,Mais,23.37374762211534,2.6528400020771623,17.289019533258074,NPK_15_15_15,soudanienne,5.5995142080552185,33.71382887842256,augmente,2,1,0,1
28.408969070242563,58.243940054276365,45.79434075594998,Limoneux,Mil,16.03355443084552,3.2801174143309333,14.216689428591039,NPK_15_15_15,soudanienne,7.354152221795221,94.94555705409668,augmente,3,1,1,1
27.992216223681847,56.98049320025869,42.25653422602522,Argileux,Sorgho,14.681787980945115,7.877742389081927,17.784752012995863,NPK_15_15_15,soudanienne,6.028801294360568,157.41133079807327,augmente,4,1,0,1
27.51075622190997,55.36697566061109,39.23977875486531,Limoneux,Mais,24.16144867979864,1.4259827193092875,13.273780640358396,NPK_15_15_15,sahelienne,6.35056310380598,76.52221992624072,augmente,2,1,1,0
30.934853617688326,58.85669903665839,38.99836568076614,Sableux,Coton,14.833159089188399,3.832158477271543,14.508069704357464,NPK_15_15_15,sahelienne,7.134511648460826,25.50814471492659,augmente,1,1,2,0
28.28586919624335,54.187275607052946,37.798410382152994,Argileux,Coton,12.47485729366057,5.248604256615236,15.264345399389176,NPK_15_15_15,soudanienne,5.981885804717599,65.62069516836435,augmente,1,1,0,1
29.216097272930426,53.93049373141974,43.96010153978157,Limoneux,Arachide,15.02970097920085,2.3001295572980918,13.290585028946772,NPK_15_15_15,soudanienne,6.981113601976036,38.14345060094906,augmente,0,1,1,1
24.227007152219805,60.79123322203248,52.22621074729571,Sableux,Sorgho,19.70692950797487,4.906531705775173,21.93464419696627,NPK_15_15_15,sahelienne,7.988800570660947,28.410657225263254,augmente,4,1,2,0
28.39220892145662,53.03418395227805,50.97987521498552,Sableux,Coton,19.88167123793565,0.0,16.931177837881656,NPK_15_15_15,soudanienne,6.132084457912903,152.43422109673557,augmente,1,1,2,1
30.651653509630023,56.317109666740556,46.34342935558877,Limoneux,Mil,16.885852750169665,4.344631993645718,15.98283206936765,NPK_15_15_15,sahelienne,6.4898527395349355,23.332701640074962,augmente,3,1,1,0
27.023755635139853,67.48959018148851,42.768276909213505,Sableux,Coton,18.039843534242824,0.0,12.59016134854691,NPK_15_15_15,sahelienne,5.803261761412909,19.77397956756141,augmente,1,1,2,0
29.242920444190705,57.65783437082694,39.79463695179165,Sableux,Coton,9.81175281022438,4.660973357569379,12.817734813455154,NPK_15_15_15,sahelienne,6.496648218796031,55.008114313658695,augmente,1,1,2,0
32.57418232457962,55.15778155220722,47.26378651224614,Sableux,Arachide,18.342845152334963,2.8333625405354237,15.533994965082057,NPK_15_15_15,sahelienne,6.780259638659498,12.893095031692887,augmente,0,1,2,0
29.55612834397712,58.921052868642434,35.324490091648784,Sableux,Coton,14.604766778355964,10.01896999912134,11.315552595023952,NPK_15_15_15,sahelienne,7.962524369573616,22.8585142852625,augmente,1,1,2,0
27.19658167674861,53.13193029792494,35.10255438802998,Argileux,Mais,16.8195610959484,6.770399637138688,9.236084839656753,NPK_15_15_15,soudanienne,7.71200770240049,133.94460156623012,augmente,2,1,0,1
31.95389690578059,61.57864692501034,46.73249466278726,Sableux,Sorgho,12.982264114814111,11.593985758404783,13.258661985261178,NPK_15_15_15,sahelienne,6.505376190487322,41.28406578734342,augmente,4,1,2,0
28.09926977341559,56.58296302651741,40.472456145604596,Limoneux,Sorgho,16.404884695423945,5.031899415330205,24.714158820588423,NPK_15_15_15,soudanienne,7.797448313750996,2.688808796683251,augmente,4,1,1,1
28.81677249668264,65.97993912162335,48.18981949713582,Sableux,Mil,19.34150491192727,4.350421614205531,17.656221930519905,NPK_15_15_15,sahelienne,6.99184715694977,77.04917275079039,augmente,3,1,2,0
32.52938626043247,60.893084874380506,42.47588561776368,Argileux,Coton,18.582176576009786,7.266077102558299,16.343783824479193,NPK_15_15_15,soudanienne,5.590630793786987,46.16355703755632,augmente,1,1,0,1
28.825428658340282,60.602146658628726,50.755015990322725,Sableux,Mil,20.89665224291565,3.1987005937844826,22.94596024426655,NPK_15_15_15,sahelienne,7.813324342186496,13.850035133212462,augmente,3,1,2,0
32.22069383579026,58.042502426907866,45.85938487039144,Sableux,Arachide,17.35033411954226,0.0,8.909217206565831,NPK_15_15_15,soudanienne,5.958660634922121,152.67625195671252,augmente,0,1,2,1
29.085398345772425,58.737462438185425,43.06766011075013,Limoneux,Coton,14.32723036584629,0.0,15.875645813141904,NPK_15_15_15,sahelienne,5.695274221877891,42.591894978153036,augmente,1,1,1,0
26.341653957351397,51.993185500562724,37.054278633634716,Limoneux,Mais,14.37195588287858,3.323306646477466,23.07551888776623,NPK_15_15_15,soudanienne,6.943498167832727,6.996374703230712,augmente,2,1,1,1
25.610432933840613,59.44425017414388,46.14670637758239,Sableux,Sorgho,17.079146327475318,8.978103076291061,16.99552674332031,NPK_15_15_15,sahelienne,7.474280023026372,47.97490513824475,augmente,4,1,2,0
31.07111360519789,54.98851378407841,41.16959351531385,Sableux,Mil,15.42006655624382,1.654237255982141,14.11921861227249,NPK_15_15_15,sahelienne,5.757021404339635,47.460757614030186,augmente,3,1,2,0
31.52109957292333,64.30611005149777,39.29309261494184,Limoneux,Arachide,15.453798064457885,6.82325202428563,16.08775141731549,NPK_15_15_15,sahelienne,5.682937746920005,52.15789711383685,augmente,0,1,1,0
35.952149618891525,56.87971169173037,47.02647799505703,Sableux,Coton,15.570283897776518,5.461802523637545,16.1814234819195,NPK_15_15_15,sahelienne,7.431316057906486,16.69940267427119,augmente,1,1,2,0
27.672743114375425,49.83773996180492,52.418606763609056,Sableux,Mil,13.836865702343534,5.753438421548033,11.253001585221256,NPK_15_15_15,sahelienne,7.143482598736658,5.149990681203169,augmente,3,1,2,0
25.326211849562412,54.41007934018657,52.11768895128845,Argileux,Mil,16.65220053724056,2.5039323116604573,17.932471379290828,NPK_15_15_15,soudanienne,6.522519341840683,26.97496928160954,augmente,3,1,0,1
26.541803445965975,52.56685062751522,56.98734912343011,Argileux,Coton,13.44852579953443,3.197900011687709,13.83390412305808,NPK_15_15_15,soudanienne,7.181621848580928,44.69975087092885,augmente,1,1,0,1
30.66341758593273,65.05771893862118,42.7553864040914,Argileux,Mais,14.857060366553501,7.382659445676701,16.172093003093117,NPK_15_15_15,soudanienne,7.700728157533575,64.91038120649995,augmente,2,1,0,1
28.77359303658102,59.469663771260144,35.97442444899405,Sableux,Arachide,10.41361306492372,3.1612397417668374,18.41215332480926,NPK_15_15_15,sahelienne,6.982385682318508,26.078323501504972,augmente,0,1,2,0
28.51982051577994,60.431936428917304,44.56736710948608,Limoneux,Mais,13.695507273086125,0.13431759123790465,22.799457514772886,NPK_15_15_15,sahelienne,6.478192138517364,77.51213736912304,augmente,2,1,1,0
30.105526374268415,62.54639700888459,51.533582941486685,Sableux,Sorgho,18.4248300085498,2.619708318461864,18.805475419158874,NPK_15_15_15,sahelienne,6.2260273053556165,62.63877196608234,augmente,4,1,2,0
30.335001783002724,49.91481044278387,46.94911509112484,Sableux,Coton,19.870831548755955,0.03668108008268067,11.064333897840596,NPK_15_15_15,sahelienne,6.3086683368262415,5.065539757785675,augmente,1,1,2,0
32.784876783403085,63.100990065180284,51.52322473460101,Sableux,Sorgho,11.073225412470418,8.453081426888497,10.661133893307309,NPK_15_15_15,sahelienne,7.226381600999112,52.55145877237477,augmente,4,1,2,0
28.518635799715845,52.8895561861293,34.72512865877523,Limoneux,Sorgho,9.408498246860855,0.0,23.714297437710865,NPK_15_15_15,soudanienne,5.6513806406031515,113.56521827991679,augmente,4,1,1,1
29.778827825456805,52.15008353373183,52.0574490830732,Sableux,Coton,7.454593281276486,12.11509159367937,25.426063929386988,NPK_15_15_15,sahelienne,5.851858408477883,51.15127087224013,augmente,1,1,2,0
30.075996488220174,59.014073744438335,39.894479060635014,Sableux,Sorgho,18.910753860165137,0.0,20.30666581465526,NPK_15_15_15,soudanienne,5.6739544588589474,94.54137972725782,augmente,4,1,2,1
30.713658625829737,61.496702229919926,29.92749796798671,Limoneux,Sorgho,14.329053706723059,0.0,20.226994388182984,NPK_15_15_15,sahelienne,5.693233732876164,7.537790299800591,augmente,4,1,1,0
23.269844257445314,52.617068798169335,59.410541077443455,Argileux,Mil,20.182028988313657,0.0,10.232542656358968,NPK_15_15_15,soudanienne,5.652865452619215,162.66866580902166,augmente,3,1,0,1
33.64473225308726,62.255312239844216,43.46132168369744,Argileux,Mais,18.59563946164321,0.0,18.105163866522005,NPK_15_15_15,soudanienne,7.416744559583706,162.65246027013086,augmente,2,1,0,1
27.59574472101926,66.2971002404334,43.23985230520429,Sableux,Arachide,15.172045417444675,6.339200410138451,14.154277102917382,NPK_15_15_15,sahelienne,7.96599644121325,41.45479538744879,augmente,0,1,2,0
27.759611260869406,58.674769045063165,42.94668102081958,Argileux,Sorgho,15.284636140386537,2.433568430083151,17.349842670027652,NPK_15_15_15,soudanienne,7.821515823942549,187.81626097740403,augmente,4,1,0,1
28.263727352442967,55.8005901806989,56.7463730744297,Limoneux,Arachide,18.656369580409514,0.3727930062299625,22.40473810890154,NPK_15_15_15,sahelienne,7.9888731618489235,68.4502145228187,augmente,0,1,1,0
28.620244845372948,63.538872451344545,43.27921019327624,Limoneux,Mil,17.498629089204698,1.9976834449370502,21.18826005713572,NPK_15_15_15,sahelienne,7.324217014485763,75.9105299919571,augmente,3,1,1,0
28.539018043408074,52.75401145599895,39.81692419116258,Sableux,Mais,16.506832684328945,0.0,11.087751576148158,NPK_15_15_15,sahelienne,6.00971618865131,39.12139042772754,augmente,2,1,2,0
32.500244265720625,66.15561940701835,40.0239157232,Limoneux,Sorgho,17.808118506033203,5.727339296663883,20.601621151897728,NPK_15_15_15,soudanienne,5.674269366172403,155.56242868878348,augmente,4,1,1,1
28.79677006276841,54.21208333231524,48.084128837312065,Sableux,Arachide,19.816925677325365,4.788747199789658,16.107202231712225,NPK_15_15_15,sahelienne,7.124476818781561,14.506068488345054,augmente,0,1,2,0
27.39535732137419,55.48034522485775,32.89318301796586,Sableux,Mais,15.064820002734502,0.9663118621870583,13.456092581019785,NPK_15_15_15,sahelienne,7.134474127091807,62.07791269999105,augmente,2,1,2,0
29.38606558833207,56.85433747705663,51.8307373055456,Sableux,Mil,16.746979684270237,1.581142171511086,17.008524105273533,NPK_15_15_15,sahelienne,6.428964602281337,12.19255360303051,augmente,3,1,2,0
29.381124604942933,54.592328409099395,26.23016482146407,Limoneux,Coton,15.100425423396235,0.5534272456281881,17.00616322125873,NPK_15_15_15,sahelienne,6.311446647913198,11.453176622206334,augmente,1,1,1,0
28.42120252885669,50.14715981033213,41.43626963019927,Sableux,Coton,10.516102412083725,1.104021623203803,12.36245736265598,NPK_15_15_15,sahelienne,6.3797626393966524,34.25024405681134,augmente,1,1,2,0
27.218657111307007,59.51270887581199,49.814982963931655,Limoneux,Coton,20.722360113357148,4.066623911384317,15.818318356728149,NPK_15_15_15,soudanienne,7.4012550110431,184.8475401628266,augmente,1,1,1,1
31.138796259388414,59.00645091992063,41.79232489328887,Argileux,Sorgho,10.877945431453627,6.798101866139628,9.247977137356404,NPK_15_15_15,soudanienne,7.591300486118947,129.01653839335725,augmente,4,1,0,1
30.628633754087787,57.46647529654921,39.890061117816316,Argileux,Mil,17.56898454066026,0.0,29.980812396398125,NPK_15_15_15,soudanienne,5.657687935857417,105.91261872966744,augmente,3,1,0,1
24.054091585026974,59.87957656806045,54.46365939952232,Limoneux,Mais,22.211832182575748,4.254629067701509,23.37293146058979,NPK_15_15_15,soudanienne,6.0619005941470485,125.65589181304271,augmente,2,1,1,1
30.048394256823208,63.744809352167444,39.28153251488135,Limoneux,Mil,16.748579106497324,4.982186745730315,13.308702169652012,NPK_15_15_15,sahelienne,7.267277537747476,43.72754107977957,augmente,3,1,1,0
27.382122629602595,52.11525609584486,34.66583363106924,Sableux,Sorgho,22.693289997617715,0.0,24.195556632494892,NPK_15_15_15,sahelienne,6.5610847221439474,66.4911171548306,augmente,4,1,2,0
29.43672284247271,59.95119651058213,43.9076485722252,Limoneux,Mil,16.461068739292653,6.414665408681396,18.50819622368058,NPK_15_15_15,sahelienne,6.4309157455715065,15.602418543132348,augmente,3,1,1,0
26.464484767009992,58.60680756225611,51.094165830737694,Sableux,Mil,13.081453251676306,5.616708540089372,10.838462109119629,NPK_15_15_15,soudanienne,6.037177934622837,198.67217101094866,augmente,3,1,2,1
27.495024929654814,58.34356880563115,37.52116048586288,Sableux,Arachide,18.945404097280232,0.0,12.677881596313048,NPK_15_15_15,sahelienne,5.534010988626671,5.870721332160684,augmente,0,1,2,0
28.30347228843185,54.19523534544173,49.98712927994452,Argileux,Mais,14.387459636571498,4.553139669087556,19.467194353722768,NPK_15_15_15,soudanienne,5.67974854664374,78.14051013762186,augmente,2,1,0,1
29.9348663897942,57.969167618699984,38.84699526745147,Sableux,Sorgho,13.50999204978511,0.0,17.757453398472055,NPK_15_15_15,soudanienne,5.582088572709694,177.05656581938007,augmente,4,1,2,1
29.959656583159315,55.3964820796085,32.79121246575634,Argileux,Coton,19.290173408943858,3.1373236011380015,14.47035096898542,NPK_15_15_15,soudanienne,5.92526720503019,94.27363114029812,augmente,1,1,0,1
29.14188642915217,50.3260948755115,34.18910289148569,Argileux,Coton,15.248925411374726,3.8269667734698243,7.150899584061639,NPK_15_15_15,soudanienne,7.5658980254375106,104.73886644893764,augmente,1,1,0,1
26.529348980949973,60.167223763314766,41.05484169060295,Sableux,Mil,23.70847045227975,2.1145187402146868,17.501323764280578,NPK_15_15_15,sahelienne,6.317749163500198,47.85551028143148,augmente,3,1,2,0
30.872177317855805,66.36588025185921,50.95378154880166,Sableux,Coton,8.059193804548505,0.0,26.13370894369357,NPK_15_15_15,sahelienne,6.26937379151955,60.86460331448617,augmente,1,1,2,0
30.414289478703434,57.58384888640098,38.2200627049791,Sableux,Coton,16.313972671894597,0.0,24.621008279005302,NPK_15_15_15,soudanienne,7.569177838922985,29.817949753649554,augmente,1,1,2,1
29.56868196277508,52.11330355657782,34.04437459979792,Argileux,Sorgho,14.33755449839639,8.26044253830125,20.916108392413634,NPK_15_15_15,soudanienne,7.963851201685098,28.13908477214926,augmente,4,1,0,1
28.224169047137174,59.38048657254311,34.00200034455424,Limoneux,Coton,16.277851220810604,0.0,21.912914672787203,NPK_15_15_15,soudanienne,5.724248242520637,198.9507376123943,augmente,1,1,1,1
27.565709934835663,56.740774937990516,40.56015324439668,Argileux,Mais,22.379079158195736,2.1578552188485656,14.152017266751916,NPK_15_15_15,soudanienne,7.419843879045028,155.77852902051436,augmente,2,1,0,1
31.651025508647706,59.3375143800625,59.586907309823104,Sableux,Mais,12.754992857796204,8.728832873222169,18.044770824898563,NPK_15_15_15,sahelienne,7.713072460527931,30.491812268884058,augmente,2,1,2,0
28.552830660911624,63.68599157188984,20.197782983112614,Limoneux,Mil,15.057234834208895,5.62904046022051,19.5721348839236,NPK_15_15_15,sahelienne,6.331909288339198,52.47589686707136,augmente,3,1,1,0
33.454807341259894,55.20101946513458,37.42063815981389,Limoneux,Arachide,13.547990915111587,4.75258397697131,19.590975980094758,NPK_15_15_15,soudanienne,6.5224662593345855,127.74468176340119,augmente,0,1,1,1
32.173550903111725,59.04391109153605,51.650017905513884,Argileux,Arachide,19.41459701368199,8.03786475703173,13.470388370444427,NPK_15_15_15,soudanienne,7.555908784531076,43.687648997736076,augmente,0,1,0,1
31.689279776533333,53.136808443517175,49.764574071459734,Argileux,Sorgho,15.412488054490161,10.244599526656659,18.116621616083545,NPK_15_15_15,soudanienne,7.960624416228226,157.80097691213894,augmente,4,1,0,1
26.321614864444935,52.531530232947844,57.337716849103316,Argileux,Mais,17.050994117170127,0.0,16.808483589955816,NPK_15_15_15,soudanienne,6.746362195828233,21.712628940561874,augmente,2,1,0,1
32.09024266287747,58.729538980757134,41.86067117119367,Sableux,Coton,14.12123676784312,8.273836207817762,16.39913509480906,NPK_15_15_15,sahelienne,5.92025637451295,60.90171437002883,augmente,1,1,2,0
32.10236049734352,55.11339422083951,36.37399144506296,Limoneux,Mais,14.470469075809886,4.3074904001407655,18.38678861715484,NPK_15_15_15,sahelienne,5.82942722149259,16.291891289862193,augmente,2,1,1,0
29.667344839792673,71.58357698289163,47.62250755506188,Sableux,Arachide,16.612252880387953,1.210427032181531,19.466459928637544,NPK_15_15_15,sahelienne,6.679132003320971,4.482330659913094,augmente,0,1,2,0
29.553441413383304,55.38861322997754,35.26340706129169,Limoneux,Sorgho,7.858012073139328,4.39798169241865,11.560507055743063,NPK_15_15_15,sahelienne,7.033731929629949,28.365425689292067,augmente,4,1,1,0
29.383752320307256,59.86495119710234,60.259420646596226,Sableux,Coton,17.671788894354307,6.9722581021742585,19.262661945785148,NPK_15_15_15,sahelienne,5.54616476223309,71.04643058070441,augmente,1,1,2,0
32.73137680536879,57.07335177930914,36.14018283332883,Argileux,Coton,17.51264588958819,6.134605428402091,14.813558107890797,NPK_15_15_15,soudanienne,6.6432494949922445,21.1165425808856,augmente,1,1,0,1
33.1085767484948,58.24074640905159,56.932691325032955,Sableux,Arachide,17.084420887041727,0.0,6.333536416880664,NPK_15_15_15,soudanienne,7.02423863786246,5.005020312773323,augmente,0,1,2,1
30.869533252381892,59.4533064584386,43.87261806490735,Sableux,Coton,16.269663319737997,1.357542724462206,15.244082092986405,NPK_15_15_15,sahelienne,5.998309647376434,68.75380726890435,augmente,1,1,2,0
31.633612785575608,57.74726770002364,41.12263441263179,Limoneux,Coton,22.363895407595827,2.6142167699789334,12.454525940973031,NPK_15_15_15,soudanienne,7.647280815239103,191.24523941523077,augmente,1,1,1,1
33.64819719177958,48.34375156835478,38.45383849308332,Argileux,Coton,23.443483449370962,1.1566885550663641,17.201974169322924,NPK_15_15_15,soudanienne,7.0739184879219295,42.13758340606029,augmente,1,1,0,1
30.54660014426747,60.08410200310621,52.11495949832905,Sableux,Arachide,14.762882414789864,0.0,8.878023538271076,NPK_15_15_15,sahelienne,7.926820409964487,38.862729148418595,augmente,0,1,2,0
27.211672551499362,57.890266512892694,41.12709750359164,Sableux,Sorgho,10.329523822076183,11.066573282411422,7.636723161939523,NPK_15_15_15,sahelienne,6.3381195892508275,24.63549661295456,augmente,4,1,2,0
33.055232840562915,56.84539853611424,55.46442490269025,Argileux,Mais,16.60748186321043,0.0,20.13540878610598,NPK_15_15_15,soudanienne,6.79772932584932,85.5402341638477,augmente,2,1,0,1
26.657461210340283,55.00813203046488,33.98927024891596,Argileux,Mais,23.409602237414042,0.4621680046216088,14.038315491621068,NPK_15_15_15,soudanienne,6.07593705591506,159.63416052356905,augmente,2,1,0,1
28.39979541886433,61.90173757397236,51.08403971638295,Limoneux,Arachide,16.619507893115646,2.945326363149089,20.799674777780375,NPK_15_15_15,soudanienne,5.990348374334679,172.36562616492054,augmente,0,1,1,1
24.949554563205506,59.47049299098089,38.08386638904412,Sableux,Arachide,21.81196739812739,3.6017771627447646,18.510529676789528,NPK_15_15_15,sahelienne,7.32991959588178,54.063277090238806,augmente,0,1,2,0
25.865313672471398,61.61885295987826,50.232109904368215,Sableux,Mais,10.399152594295508,0.9809600415568234,8.685470747681936,NPK_15_15_15,sahelienne,7.0175716359613665,74.48178232567952,augmente,2,1,2,0
35.64036053305357,61.99154986281025,42.54672474412362,Sableux,Coton,14.171083620040793,4.586386073560173,11.873768054113963,NPK_15_15_15,sahelienne,6.593403228906537,75.7310981771962,augmente,1,1,2,0
27.327220920227607,53.046117709354775,42.26637013023749,Limoneux,Mais,12.323750671555192,2.1033714242700463,16.37426870441742,NPK_15_15_15,sahelienne,5.901288538201728,16.407500297888795,augmente,2,1,1,0
24.990304060172107,60.69803572832208,56.264420225689435,Limoneux,Sorgho,18.450624579501817,0.0,17.33679185990954,NPK_15_15_15,sahelienne,6.4803196374669705,62.46185879097516,augmente,4,1,1,0
37.25480249739619,58.61890253256172,43.33480161856149,Sableux,Mil,24.489004556973867,2.77909406554478,20.236002834848094,NPK_15_15_15,sahelienne,6.644797917999052,34.61639317012399,augmente,3,1,2,0
30.502360528042455,63.62616145093188,38.659391239516545,Sableux,Sorgho,7.535188111514907,5.390094426772249,18.483992777598623,NPK_15_15_15,sahelienne,6.713432237922985,9.953870152577062,augmente,4,1,2,0
24.757118681519785,59.62618098902141,40.01326109002843,Limoneux,Coton,8.42778474969925,0.0,18.671361616420754,NPK_15_15_15,soudanienne,6.331119295619096,143.12784721339187,augmente,1,1,1,1
29.338266674627807,63.715340792475786,39.59214263888272,Limoneux,Mais,9.277784831236918,8.595343158721652,22.57817223081917,NPK_15_15_15,sahelienne,6.579129406484903,32.90581574586157,augmente,2,1,1,0
35.01477079778228,60.7154782651735,36.05743679478969,Sableux,Coton,9.663165668843511,2.2493364509044573,22.96895750734045,NPK_15_15_15,sahelienne,7.352767604074202,27.52798112237892,augmente,1,1,2,0
31.117446386284296,61.78408106156125,47.59383939661849,Limoneux,Sorgho,15.176704457269459,8.853203344817352,18.757318388737605,NPK_15_15_15,soudanienne,7.848046237194213,47.49378144454914,augmente,4,1,1,1
28.439569059488644,57.80592195699842,30.38763304032522,Argileux,Mil,11.580122721525125,4.432989466987602,16.653435399639573,NPK_15_15_15,soudanienne,7.366866931281486,16.660516622359278,augmente,3,1,0,1
29.3395659741861,57.71630518339868,46.95850373227612,Argileux,Mais,18.51708299824733,0.0,10.173741090740666,NPK_15_15_15,soudanienne,7.668363761755281,102.30391149257474,augmente,2,1,0,1
29.810612591465492,56.215391852679,49.880693957199576,Sableux,Mais,11.296670353219938,6.204892957693329,14.897726597752959,NPK_15_15_15,soudanienne,7.1359834120764365,73.26062905246779,augmente,2,1,2,1
23.25109604575125,56.75750236274169,52.59009755128085,Limoneux,Mais,22.23764920143727,4.196479451209683,13.789028078135972,NPK_15_15_15,sahelienne,6.836648916872712,12.687840467043383,augmente,2,1,1,0
27.307104956088846,62.70176171892625,44.025957142963506,Limoneux,Arachide,11.435325762477792,3.4323498526278087,7.781484075167818,NPK_15_15_15,sahelienne,7.43965359664663,71.22473582196514,augmente,0,1,1,0
25.32905147025066,56.94713073702656,41.619355065570176,Argileux,Mais,18.40207556754866,0.0,14.64109459821408,NPK_15_15_15,soudanienne,5.750045225060806,5.807980441843874,augmente,2,1,0,1
29.36741010175547,55.14613524875736,42.298100409009805,Argileux,Sorgho,19.082743930513804,0.0,13.655309321481516,NPK_15_15_15,soudanienne,6.482361098433399,93.97798160828792,augmente,4,1,0,1
30.01457154662146,50.18931259441414,52.665901986118435,Limoneux,Arachide,14.695693577518098,1.3765213663052613,14.744563722128957,NPK_15_15_15,soudanienne,6.064945961637958,91.40046187538813,augmente,0,1,1,1
31.019097208411985,57.66913664005061,40.378790448970996,Limoneux,Coton,7.514016806812398,2.0414803432307456,23.957912842059883,NPK_15_15_15,sahelienne,5.644208211458859,44.84069872623785,augmente,1,1,1,0
29.96356113687057,61.26687256210794,51.05205269409673,Sableux,Coton,15.871430035511029,0.0,11.571128430829498,NPK_15_15_15,sahelienne,7.758352534266987,17.334739519120212,augmente,1,1,2,0
27.881163041061786,52.349272408063946,47.71002341108085,Argileux,Coton,22.971445271256027,10.434797424051947,16.170144637722277,NPK_15_15_15,soudanienne,6.183323957811657,93.66018951999166,augmente,1,1,0,1
27.804423606909122,54.9567704156664,57.78152037615898,Sableux,Mais,14.74952363258113,3.4706781266071536,19.357677103757062,NPK_15_15_15,soudanienne,7.247319152363042,142.02837651250562,augmente,2,1,2,1
25.44539595428818,52.806923998627134,50.739529331058684,Sableux,Arachide,18.096945290678992,0.0,16.187930228854352,NPK_15_15_15,sahelienne,7.001182158125685,26.67656164253178,augmente,0,1,2,0
28.014635176249485,63.99158244891482,47.395215722149814,Limoneux,Sorgho,14.626679238157838,0.0,12.690411900743996,NPK_15_15_15,sahelienne,5.923118993607236,59.94322884394002,augmente,4,1,1,0
24.506303705149143,60.142182629082036,39.06683195187642,Sableux,Arachide,11.981341693424074,7.340118516553288,16.95732710489097,NPK_15_15_15,sahelienne,6.784643398172806,53.88132219776872,augmente,0,1,2,0
27.180527493139984,54.857651220306984,32.81621842211015,Limoneux,Arachide,17.72296900645189,0.0,12.137146884087365,NPK_15_15_15,soudanienne,7.545274461860419,40.44301749179466,augmente,0,1,1,1
25.68021041408763,63.63207817888487,40.54465429056929,Sableux,Coton,4.0784200078185116,6.033293840202322,15.886887754633973,NPK_15_15_15,sahelienne,7.409010897907488,7.081524205045406,augmente,1,1,2,0
25.521417469783504,56.00456886506814,36.33936999451568,Sableux,Mais,28.355476009096684,9.448520713976066,13.95879709916822,NPK_15_15_15,soudanienne,7.574795077467397,37.36688125891661,augmente,2,1,2,1
27.357438507594587,50.77960700331378,60.5679267612084,Sableux,Arachide,12.07289413931888,2.036441616273847,7.106475657621949,NPK_15_15_15,soudanienne,5.543364817134295,108.70804754611419,augmente,0,1,2,1
31.334473591202638,54.93261423829195,51.099200382727524,Limoneux,Mais,14.786169415342881,0.7156856972944923,13.593214664577403,NPK_15_15_15,soudanienne,5.582969075562504,39.337286825372274,augmente,2,1,1,1
32.30935256962875,59.015465433180026,54.094414113183035,Limoneux,Mil,18.817635890975385,0.21411504920848712,21.799952864530592,NPK_15_15_15,soudanienne,6.665008785882533,59.591485791671815,augmente,3,1,1,1
27.437231807896865,56.647653220554474,24.909325753703357,Sableux,Coton,15.921203757429902,2.0703168700458425,21.468472224971755,NPK_15_15_15,soudanienne,6.517712432038462,71.22783240299364,augmente,1,1,2,1
32.06451535027263,59.26817028511984,48.97125668147384,Sableux,Mais,24.318229317688033,0.0,19.662139719029565,NPK_15_15_15,sahelienne,7.9947117705711515,66.63981937915344,augmente,2,1,2,0
29.911293404671287,51.70255864047225,57.25531464326747,Limoneux,Sorgho,21.54073709114293,0.0,15.413748238665198,NPK_15_15_15,soudanienne,7.973870298237193,45.66403475938854,augmente,4,1,1,1
30.589758164082614,61.20220276204552,37.651243897884264,Sableux,Mil,17.315591040919788,0.0,12.609525069157078,NPK_15_15_15,soudanienne,6.965276339745338,149.23010076535758,augmente,3,1,2,1
30.47064168007362,57.76700708480085,47.75080814800528,Argileux,Mais,17.86906115680276,0.0,11.813872852780975,NPK_15_15_15,soudanienne,5.644106738993484,117.25356863865362,augmente,2,1,0,1
28.144011633473234,51.1086063538149,38.34266064016004,Limoneux,Sorgho,15.44445484999819,0.0,16.98652602629939,NPK_15_15_15,soudanienne,5.5084471170210305,166.76186177457234,augmente,4,1,1,1
28.48006805798796,60.76678494088328,46.0092087211369,Argileux,Coton,19.23861194791738,0.0,16.075457441774443,NPK_15_15_15,soudanienne,6.45333954280571,119.53740598870016,augmente,1,1,0,1
29.26039299253786,52.29630260233987,40.933354684780646,Limoneux,Mil,19.843772316902424,1.0124251749195021,15.637043426600826,NPK_15_15_15,soudanienne,7.061001218680408,97.50551408099997,augmente,3,1,1,1
30.5945007666566,56.349116183824364,50.050536696673795,Argileux,Mais,18.789741806943834,5.539509984501581,14.231367166709102,NPK_15_15_15,soudanienne,5.533512035629977,188.36425379294533,augmente,2,1,0,1
31.502599339425835,49.270709301067626,35.660178584279194,Argileux,Mais,15.467431493574773,0.0,13.863748143576498,NPK_15_15_15,soudanienne,7.505553297428254,136.88980969263943,augmente,2,1,0,1
29.48233886995841,53.750564922015776,52.27825728826841,Limoneux,Arachide,14.716598295633078,4.1828679595654155,15.929213786798298,NPK_15_15_15,sahelienne,6.29446352146716,59.83138032208666,augmente,0,1,1,0
30.468339107551063,55.89393611395147,23.615150057855523,Limoneux,Sorgho,21.630152476726057,0.0,13.535704599184118,NPK_15_15_15,sahelienne,6.3892184747359355,54.913591519811355,augmente,4,1,1,0
29.73216825782876,55.964701547222944,49.93386584504826,Argileux,Mais,16.993917497376614,5.31046154297221,13.396118908576186,NPK_15_15_15,soudanienne,7.037627913821412,119.10052011456156,augmente,2,1,0,1
35.21599191530191,55.94226309032929,27.028488555419354,Sableux,Arachide,16.73842644562866,0.0,12.008132203784246,NPK_15_15_15,sahelienne,6.2785393847028965,28.71303927984245,augmente,0,1,2,0
25.668925224956606,60.10582331083053,59.948525117619454,Limoneux,Sorgho,16.502511494006356,3.6427802855985467,15.675776042022417,NPK_15_15_15,soudanienne,5.9238949859253385,73.77692447480113,augmente,4,1,1,1
31.20369942528127,60.255101240908424,55.05863920065585,Argileux,Mais,20.130942588139398,3.5120420022863303,21.71998586838195,NPK_15_15_15,soudanienne,5.673769491287983,16.491615596790776,augmente,2,1,0,1
31.259960338881765,61.530285817496456,48.96740240915538,Sableux,Mais,10.401349801718784,4.37829198073649,22.190041565634353,NPK_15_15_15,sahelienne,7.633875569895792,27.461372565792324,augmente,2,1,2,0
25.555251293894607,56.13190833966159,54.547154938640226,Sableux,Coton,17.567803096136636,0.0,9.087487733479744,NPK_15_15_15,sahelienne,5.56613626370106,68.49952333532963,augmente,1,1,2,0
30.4474584382862,55.109053372367725,55.11749892485402,Limoneux,Mais,19.099358048767233,1.6836081547609125,19.979811140155682,NPK_15_15_15,sahelienne,6.696755502126964,23.361128035258723,augmente,2,1,1,0
23.509951050532035,58.34850308708106,53.91682113411193,Argileux,Arachide,15.23168856312108,9.62656531395015,13.473211229540615,NPK_15_15_15,soudanienne,5.826098636333366,141.96541498397522,augmente,0,1,0,1
28.598203195330836,61.94510890685691,33.45791559207754,Argileux,Sorgho,17.666497060701285,0.0,17.96562762680155,NPK_15_15_15,soudanienne,6.837045412357861,83.15778031545062,augmente,4,1,0,1
32.859333704776645,57.638164291114094,55.5496428922296,Limoneux,Sorgho,20.49861430239475,5.906205764631692,20.85653954315752,NPK_15_15_15,sahelienne,6.267095326756546,5.017727272111072,augmente,4,1,1,0
30.92423682711591,53.86770160804824,37.77396790369296,Limoneux,Arachide,9.483150630593972,2.9970639747023857,13.621135825863927,NPK_15_15_15,sahelienne,6.787456009239515,12.332483970027317,augmente,0,1,1,0
28.164741727629725,52.61578669386038,63.90606312664879,Argileux,Coton,21.18369270591982,3.167445146116264,14.156887497106824,NPK_15_15_15,soudanienne,7.150431604117392,150.2614591304353,augmente,1,1,0,1
27.69887352337153,55.7566506877915,33.40164213562194,Limoneux,Mais,17.644635295779267,0.0,14.740318644991678,NPK_15_15_15,sahelienne,5.7780414375055384,52.54352037040255,augmente,2,1,1,0
28.263462325057674,59.95275567581251,49.60885266809226,Limoneux,Arachide,12.853877567399545,3.736058933439439,13.227014288614047,NPK_15_15_15,sahelienne,6.003817507295606,77.32919938113713,augmente,0,1,1,0
31.994523071315854,60.275991667381454,59.740050421607535,Sableux,Sorgho,12.594865462970429,0.0,18.90682647667295,NPK_15_15_15,soudanienne,6.908945856941372,54.00049622423906,augmente,4,1,2,1
24.83709309705038,59.551669565109236,47.723376485026975,Sableux,Mais,18.618316447426192,0.0,8.278120866126518,NPK_15_15_15,soudanienne,7.327689704336372,64.78782403214316,augmente,2,1,2,1
29.10358837379275,53.873960397564545,45.308947499161505,Sableux,Arachide,10.928534327280692,0.0,14.6026708012335,NPK_15_15_15,soudanienne,7.586124893369408,92.10183198163575,augmente,0,1,2,1
30.606422096301856,61.18952181641909,38.1614931972409,Sableux,Sorgho,11.880422832561923,0.0,14.124667373613638,NPK_15_15_15,soudanienne,6.100096046910375,50.3816530734843,augmente,4,1,2,1
28.432550649250548,47.25119341331626,42.50765012403035,Limoneux,Mil,13.442086558019772,0.0,13.444767508511262,NPK_15_15_15,soudanienne,7.2372177145182,108.84994289912771,augmente,3,1,1,1
30.880477327121135,55.21542054396608,51.83961486071185,Argileux,Coton,17.184532379967862,0.08068903116849979,11.994034601554995,NPK_15_15_15,soudanienne,6.966607531114086,64.13294524456998,augmente,1,1,0,1
28.781238071440036,60.21487790161512,36.291000849370214,Limoneux,Arachide,19.947705387237075,5.154304369874697,17.316399462376484,NPK_15_15_15,sahelienne,6.826157500102038,22.821092955322626,augmente,0,1,1,0
29.19189141966205,56.79098644112803,36.213079589248885,Sableux,Arachide,20.53254989803094,8.469432158036813,8.271391222363942,NPK_15_15_15,sahelienne,5.571296234778232,34.59867006981278,augmente,0,1,2,0
27.27606058732546,54.71284644551376,42.820550264281145,Sableux,Mil,22.220736393786048,11.466806899274877,21.59126234512416,NPK_15_15_15,sahelienne,7.41876673848841,73.76963487689744,augmente,3,1,2,0
27.317505837548303,58.346808018913144,24.723286846169188,Sableux,Sorgho,13.126128789151954,8.630763397725586,18.963680205975965,NPK_15_15_15,sahelienne,6.40782110711518,60.082636923008685,augmente,4,1,2,0
30.857654450290983,64.5588131819745,42.865237408942214,Sableux,Mil,23.903207125045736,0.0,17.095445915166824,NPK_15_15_15,sahelienne,7.102428310305344,7.653086913507332,augmente,3,1,2,0
28.721817789241378,59.918805057488285,52.05244223129596,Sableux,Mil,14.022186984443923,6.216222491445063,19.27963950430162,NPK_15_15_15,sahelienne,6.1670094552306285,1.2847058144090973,augmente,3,1,2,0
28.58023624767986,63.83306088040723,56.78708301384702,Sableux,Mil,13.16616244156228,2.7450805171828234,15.121604509163255,NPK_15_15_15,sahelienne,6.8769143159303825,29.68957529749856,augmente,3,1,2,0
29.524768431020515,52.81158292087134,50.95474101486175,Argileux,Sorgho,19.576601596285737,3.3589448548076826,14.887966666829998,NPK_15_15_15,soudanienne,6.4799527822674,87.29746986154142,augmente,4,1,0,1
32.94831857724956,60.26460415443127,39.77055378691978,Sableux,Coton,17.989715572544803,1.9400927797329266,15.301784827012062,NPK_15_15_15,sahelienne,5.892956179020934,29.28107134721209,augmente,1,1,2,0
24.96282222582184,48.16154321872999,30.88563012650051,Sableux,Coton,16.421385908856177,0.0,18.20921318541233,NPK_15_15_15,sahelienne,5.779932426217483,65.68628619574801,augmente,1,1,2,0
26.571736243496673,59.23105904631249,45.40901473676733,Limoneux,Coton,23.606688575902655,5.556465722809805,22.17885692054044,NPK_15_15_15,sahelienne,5.662184094587768,5.482079007759051,augmente,1,1,1,0
26.554457418728813,50.60264013371177,47.472922350155066,Argileux,Arachide,12.750667814851418,2.989416149313867,12.244378408713342,NPK_15_15_15,soudanienne,5.682399659782387,59.816042331082265,augmente,0,1,0,1
31.720367266552604,60.94007458034299,45.14744439857478,Limoneux,Arachide,17.865060489728606,7.970236848465266,16.061898331918275,NPK_15_15_15,sahelienne,6.3077218682363805,3.6382361044829548,augmente,0,1,1,0
28.71510774858364,53.56402111356748,47.85007061046909,Sableux,Coton,13.978744853952945,4.1369386671673425,10.84722236946649,NPK_15_15_15,sahelienne,7.760409209890187,23.31218130305959,augmente,1,1,2,0
30.723165888237087,54.33559748705849,45.09856786983808,Argileux,Sorgho,16.476527637112106,0.5689117495882059,9.838182775624887,NPK_15_15_15,soudanienne,7.499728260672042,174.88887764123191,augmente,4,1,0,1
34.34533071358481,48.94603888709098,44.381918954191214,Argileux,Mais,16.93122090328067,1.2232596727386578,6.789667280153143,NPK_15_15_15,soudanienne,5.951207520170332,40.890265246506004,augmente,2,1,0,1
27.842391103319773,59.020223169928926,53.08490327510128,Sableux,Coton,20.00183695315837,2.4791930542619505,16.106571983354538,NPK_15_15_15,sahelienne,6.192176292412892,54.42125029828596,augmente,1,1,2,0
27.01591696848032,54.93292760514887,39.25720055813178,Argileux,Sorgho,15.521166829383443,0.27393642402235185,12.941285655221805,NPK_15_15_15,soudanienne,5.826559917173229,28.83789278123061,augmente,4,1,0,1
32.2981639768913,60.08159208273739,31.041368883891924,Argileux,Coton,15.434686094778097,3.0855367054238294,14.805947204049664,NPK_15_15_15,soudanienne,7.555457264541834,177.99949651622643,augmente,1,1,0,1
31.511546371064846,56.05528714551896,43.2021212934405,Argileux,Arachide,15.28159847548519,2.2256417939430073,14.44608501874041,NPK_15_15_15,soudanienne,6.317196974413299,5.109480224320828,augmente,0,1,0,1
28.380712528270152,50.35967612685525,40.242049874449364,Sableux,Arachide,11.365020109090391,0.6035073671793834,18.2961114321952,NPK_15_15_15,sahelienne,6.973345944876369,20.751328593668468,augmente,0,1,2,0
27.273992238307322,53.92294615266111,40.415683728343495,Argileux,Arachide,16.052559802841014,10.728181407356002,14.733139535639918,NPK_15_15_15,soudanienne,7.525757843333677,96.88509416687981,augmente,0,1,0,1
30.601808447342997,52.629411541861856,55.70743715550309,Sableux,Mais,23.11137930043052,3.50910836977075,9.50549260860899,NPK_15_15_15,soudanienne,6.862183210714338,76.23500019303602,augmente,2,1,2,1
32.2891426268078,56.14735549704136,47.33037846265764,Limoneux,Coton,25.374133044655657,2.845105818397004,15.666297823850448,NPK_15_15_15,soudanienne,5.897918836199536,174.02860111034744,augmente,1,1,1,1
33.62283829493155,50.99909515087685,56.9448254589441,Limoneux,Mil,6.949457279316606,3.6720553503512963,17.00312327230405,NPK_15_15_15,soudanienne,7.91205781368062,187.557526091758,augmente,3,1,1,1
25.345153116515625,57.976625036901275,38.22456268556017,Limoneux,Sorgho,21.03425894241603,5.94958911939839,15.491566000864017,NPK_15_15_15,sahelienne,6.449890312868521,26.809941335697978,augmente,4,1,1,0
29.02261922339266,57.16540040233856,36.187855719476495,Argileux,Mais,17.523283930166357,0.0,24.030519990278048,NPK_15_15_15,soudanienne,7.522546355666744,140.53980656344638,augmente,2,1,0,1
28.438205962627745,64.5987120374215,40.02252341819429,Sableux,Arachide,15.975871928890319,6.7306846191552925,17.803250222589405,NPK_15_15_15,sahelienne,6.870082680553982,64.79011320308555,augmente,0,1,2,0
30.281710624304836,58.532361849981804,57.418756906156176,Argileux,Mais,22.829856125868446,0.0,22.305076973375016,NPK_15_15_15,soudanienne,7.061848649766145,168.20552755148236,augmente,2,1,0,1
29.118239075596602,55.64666207522828,45.9026610721708,Sableux,Sorgho,16.240422890391244,1.599849079340027,15.551462073817156,NPK_15_15_15,sahelienne,6.008223888589891,5.053418472242486,augmente,4,1,2,0
28.84182459090214,50.74643029581566,47.06483622231132,Limoneux,Coton,15.97217350489409,2.9366595761899275,14.829227916758642,NPK_15_15_15,soudanienne,6.108614085071862,151.35596139570748,augmente,1,1,1,1
29.65878736285117,65.18727631134675,50.950544041728264,Argileux,Arachide,18.119316461512927,6.047970252162774,15.818934333165084,NPK_15_15_15,soudanienne,6.4823432625695165,195.96063262083086,augmente,0,1,0,1
29.625540677447084,56.24106014555831,44.38542273669533,Sableux,Mais,21.958593861011668,2.010552541668131,14.441516369302754,NPK_15_15_15,sahelienne,7.446338427508514,37.760598569386346,augmente,2,1,2,0
26.26256441768236,52.10330729647235,35.86928093102308,Argileux,Sorgho,14.948362891284399,0.0,13.23120221504038,NPK_15_15_15,soudanienne,6.0851562314301875,135.910372457037,augmente,4,1,0,1
31.54607192171422,57.26077869834521,51.26694394038326,Argileux,Mil,31.792203680935256,5.621533354945964,15.008437212888554,NPK_15_15_15,soudanienne,7.365931686980884,181.51514079265328,augmente,3,1,0,1
29.70257086947646,57.26944073033194,36.01514150543055,Argileux,Arachide,4.22645077874008,0.0,18.168002728960474,NPK_15_15_15,soudanienne,5.981027594717848,192.91603716033057,augmente,0,1,0,1
28.49584429989095,58.03694280865794,47.48779503437667,Sableux,Arachide,19.702511058361424,6.494855003835818,19.45209912662531,NPK_15_15_15,sahelienne,6.914319778360731,46.76048287866514,augmente,0,1,2,0
25.673732265001128,64.98403000989047,56.517373935017034,Limoneux,Arachide,16.24505426021251,1.9999802770497064,16.90117717635272,NPK_15_15_15,sahelienne,6.470452502614197,66.7390743712512,augmente,0,1,1,0
28.177716229079085,51.42518683657209,62.165384685449496,Sableux,Coton,25.68514250306,0.0,16.7050607936596,NPK_15_15_15,sahelienne,6.9095437014379275,68.49196580767531,augmente,1,1,2,0
32.2033638459876,59.002389787317085,49.374901948227574,Limoneux,Coton,13.204142094470747,0.6122117403690575,11.395118552786169,NPK_15_15_15,soudanienne,7.114213312935602,9.155267885745122,augmente,1,1,1,1
29.588715021112204,63.60391658921474,49.44784847121465,Sableux,Coton,16.566968483600714,3.178304747460605,15.10537261339101,NPK_15_15_15,soudanienne,7.446285737131394,45.256525458733535,augmente,1,1,2,1
29.118796489781506,57.79176850172705,36.29271081522103,Limoneux,Mil,21.195312822208464,0.0,16.88541160691201,NPK_15_15_15,sahelienne,6.570119479855187,51.64271927041189,augmente,3,1,1,0
24.006897561597512,53.46144774748817,52.15708914816163,Argileux,Coton,14.782700468195548,6.291510086290872,16.918862087967273,NPK_15_15_15,soudanienne,7.286240381960874,21.761478046013117,augmente,1,1,0,1
31.47125003530636,58.704678935816894,32.58704205368278,Sableux,Mais,16.535280040926004,9.564757849317596,9.582425305791839,NPK_15_15_15,sahelienne,6.600547432427505,53.80537560756984,augmente,2,1,2,0
28.455732373607127,56.083680669949,45.96418895882094,Sableux,Mais,12.028201611864676,0.0,15.241134218194022,NPK_15_15_15,soudanienne,5.55062344947523,87.83843313653338,augmente,2,1,2,1
31.300819266586593,52.80210971752885,31.44057800177454,Argileux,Mais,10.742089065838112,4.01137129275865,23.323144366249174,NPK_15_15_15,soudanienne,7.336636244632659,125.79767744487044,augmente,2,1,0,1
26.43275320997465,62.00413768862185,38.60854606988773,Sableux,Mais,17.26018527236304,0.0,17.991453977737518,NPK_15_15_15,soudanienne,7.520275866535858,36.162127007527054,augmente,2,1,2,1
27.955825251256794,55.69315458078609,49.72633733950281,Sableux,Arachide,14.687233076945311,2.8182444234052038,18.276343580513345,NPK_15_15_15,sahelienne,6.314111942374732,72.67060378970112,augmente,0,1,2,0
26.38096830922588,63.1186796732467,58.58158904909207,Sableux,Arachide,24.94790658235913,0.0,9.642654699829986,NPK_15_15_15,sahelienne,6.233819885419874,29.48613550705101,augmente,0,1,2,0
29.5267267382376,53.75072020636922,50.8010422152341,Limoneux,Coton,13.115075214635855,0.0,4.605394821475645,NPK_15_15_15,soudanienne,6.986245914374397,182.13554798366093,augmente,1,1,1,1
29.691046838050255,60.021098362124725,34.82913761609419,Argileux,Coton,15.612836436619164,3.5950445064885903,17.448856906369475,NPK_15_15_15,soudanienne,7.366149398054444,129.37204480344434,augmente,1,1,0,1
31.455990270614734,54.334332463561836,54.36862561457277,Sableux,Arachide,19.26831500577795,0.0,19.827595264996813,NPK_15_15_15,sahelienne,6.80572368327793,1.2829120024516616,augmente,0,1,2,0
29.319729468745294,58.35436190552266,38.87305599557519,Sableux,Sorgho,17.131027500871618,1.4771327702674197,17.620739782759422,NPK_15_15_15,soudanienne,6.373317589939778,72.24454704685725,augmente,4,1,2,1
26.328098156244867,55.86221611680429,31.112609286301073,Argileux,Arachide,16.130624637157332,2.3099605566866255,22.703627347061982,NPK_15_15_15,soudanienne,5.641787845705564,151.25898477207875,augmente,0,1,0,1
29.399217442112935,58.55331811394884,38.316171584837335,Argileux,Sorgho,16.200544121204143,0.0,18.769431237945668,NPK_15_15_15,soudanienne,6.816246318320603,174.6318574765653,augmente,4,1,0,1
25.317348221692395,56.38750450264585,34.207284242761936,Sableux,Mil,11.039108849715515,7.769712581778794,19.955790886113082,NPK_15_15_15,soudanienne,6.706188611044581,194.78815333335635,augmente,3,1,2,1
23.499711544060865,54.60732298393058,38.98790810469123,Limoneux,Mais,22.770662797997602,3.931802509298473,10.031013290045156,NPK_15_15_15,soudanienne,6.740587934674878,64.47101868123526,augmente,2,1,1,1
29.059537321884832,64.41006135586669,50.05819786114312,Limoneux,Sorgho,18.05665071408416,8.398332266656743,17.84681610787191,NPK_15_15_15,soudanienne,6.362457114239696,51.559532432825186,augmente,4,1,1,1
25.3240259584024,67.25974576291875,34.055362252253204,Argileux,Sorgho,25.73540238163948,3.3485109406163445,18.791391530943123,NPK_15_15_15,soudanienne,6.227199330610548,161.1858732318931,augmente,4,1,0,1
32.29116583148761,50.96567724024106,31.246050226144717,Limoneux,Mil,22.424820108810433,6.71361411194917,20.35596169710948,NPK_15_15_15,sahelienne,6.137044059110954,55.40619035175246,augmente,3,1,1,0
31.45095353098955,56.79742105987798,46.03680516147786,Limoneux,Coton,17.728450057474937,3.3878419647112588,15.336779929282542,NPK_15_15_15,soudanienne,5.554104486520589,14.95932959938786,augmente,1,1,1,1
29.568162321708417,56.33313452730367,46.92901114542221,Sableux,Arachide,12.703547959140806,5.743547308021635,14.946979977040556,NPK_15_15_15,sahelienne,7.243395167084426,5.476253554083419,augmente,0,1,2,0
24.34895758007279,54.12199802391814,32.11978402651886,Sableux,Sorgho,12.289230065914651,5.651661006877749,19.451297009286275,NPK_15_15_15,sahelienne,7.539054427600966,6.576127158554694,augmente,4,1,2,0
26.31904148928767,59.0797433195015,44.869731489114315,Argileux,Mil,6.379984413803358,5.388479860022221,7.996227693972175,NPK_15_15_15,soudanienne,6.775938516572156,60.44987898263949,augmente,3,1,0,1
26.98708617427573,54.17868133132869,41.252748334526295,Limoneux,Mais,8.998509204878985,0.0,15.496559898591467,NPK_15_15_15,soudanienne,6.240292826529773,60.40977309786803,augmente,2,1,1,1
24.75635192104489,52.57042881419823,39.06502319686468,Argileux,Mais,9.478587048895623,0.6614907865178457,21.148042487312118,NPK_15_15_15,soudanienne,5.79115687222908,88.06259515038113,augmente,2,1,0,1
29.194831568360577,55.19820917442463,46.86313055540022,Limoneux,Arachide,17.122844190600066,6.768724905979932,19.413111565188974,NPK_15_15_15,soudanienne,5.944261152992035,167.17026423599086,augmente,0,1,1,1
30.12623091530868,51.34278600110033,52.66125242398894,Sableux,Mais,12.1620962808108,10.710808939166716,13.229183874714867,NPK_15_15_15,sahelienne,5.902388718641823,52.926139245924674,augmente,2,1,2,0
28.150764808806812,59.0731324004354,57.130955878181155,Argileux,Mil,22.072621286005152,4.174842234611624,15.917487744808604,NPK_15_15_15,soudanienne,7.1286902198226745,198.3749089364622,augmente,3,1,0,1
25.662882185030963,63.794452127697745,45.3114556102862,Sableux,Mais,11.526655893576171,0.9007625609739418,20.99731949351725,NPK_15_15_15,sahelienne,7.068614024542356,61.05395084877911,augmente,2,1,2,0
27.864401328355846,59.07306742324471,47.88785435848515,Argileux,Coton,27.668165317321133,4.582524891132062,12.027514756576053,NPK_15_15_15,soudanienne,5.764107122175605,146.19234163222322,augmente,1,1,0,1
30.62795362779412,55.79358577311575,53.57018640366622,Sableux,Mil,25.44436529665474,2.592400109687209,24.32169859368345,NPK_15_15_15,sahelienne,7.621671689046774,21.67088440210998,augmente,3,1,2,0
34.333729698226136,55.802894559639725,45.394881578144336,Argileux,Mais,22.12622363267431,0.4366573705209642,12.80775903604797,NPK_15_15_15,soudanienne,5.95067884004594,128.27336384506046,augmente,2,1,0,1
32.14754295651802,48.286353474017965,46.78575479513076,Sableux,Arachide,20.89665939531819,7.099923154584966,25.00857253395573,NPK_15_15_15,sahelienne,6.814732421447499,3.808990274199049,augmente,0,1,2,0
30.1402149237956,61.70485072095868,42.7636628550046,Limoneux,Mais,13.953695474746535,0.0,21.325775558425526,NPK_15_15_15,soudanienne,6.7082955538806335,98.35879601253137,augmente,2,1,1,1
35.711069124124684,56.86708145673765,37.355985177588295,Limoneux,Sorgho,13.26872098223597,0.5527157085076353,15.069505768902856,NPK_15_15_15,soudanienne,6.786941055001134,15.22021116667247,augmente,4,1,1,1
32.44746997924922,59.76882504596034,44.11911692180748,Sableux,Sorgho,10.298836541570374,6.271430115031091,16.00824275479874,NPK_15_15_15,sahelienne,7.867791258090946,11.246330293046585,augmente,4,1,2,0
30.565392898939145,52.29655718692565,49.52588847089058,Argileux,Mais,16.22508628659625,1.2791385479280857,27.610998075547975,NPK_15_15_15,soudanienne,5.894300792708124,180.1673960564647,augmente,2,1,0,1
34.18626757693496,50.92769123427833,53.61282630628946,Sableux,Mais,8.591316316266745,5.625572559669477,10.907892986654447,NPK_15_15_15,sahelienne,5.572162098645077,74.43846556638935,augmente,2,1,2,0
26.63486017031645,63.68195744805721,62.83097946533659,Argileux,Mais,14.928451711514992,4.71065846141502,12.779637675141513,NPK_15_15_15,soudanienne,6.728534386557204,63.3075462669918,augmente,2,1,0,1
34.453975465427604,55.1876599445737,46.05885204045535,Limoneux,Arachide,19.54694894856473,7.045437660188259,15.2826395686935,NPK_15_15_15,sahelienne,7.628877792623419,11.899320789719798,augmente,0,1,1,0
28.946875935804513,57.45429642250474,27.13403372789957,Argileux,Sorgho,16.85103968738807,3.782972085302629,23.0805390048471,NPK_15_15_15,soudanienne,7.790377567036003,185.413823210237,augmente,4,1,0,1
25.439952975457288,63.817680499795514,49.220571446433084,Limoneux,Mil,14.088131439186142,0.0,11.983123055263274,NPK_15_15_15,soudanienne,7.338895495669792,6.436880643080434,augmente,3,1,1,1
30.244266678346865,57.81961273119705,51.14386778372398,Sableux,Arachide,27.92153150789428,6.6722074992111455,20.026584880859577,NPK_15_15_15,soudanienne,6.863685581845494,107.52492014947093,augmente,0,1,2,1
30.632504361087236,59.79531687475503,54.179891372458506,Argileux,Mais,17.10593612967418,0.0,13.819354904712727,NPK_15_15_15,soudanienne,5.983089978712168,136.3810332921543,augmente,2,1,0,1
29.314844744711507,64.06152164351634,45.20763485914558,Limoneux,Mais,16.712149327970067,6.285814188312222,13.110741203265317,NPK_15_15_15,soudanienne,6.038633192389108,48.13698184466817,augmente,2,1,1,1
31.681156151715058,60.962006210452934,46.23760678537459,Sableux,Arachide,22.600805565597145,5.95636597544002,7.221184395280357,NPK_15_15_15,sahelienne,6.541700951078595,31.07495508420593,augmente,0,1,2,0
32.267017406871716,61.96969262033699,46.42372887129929,Limoneux,Coton,0.0,0.0,8.799210185265757,NPK_15_15_15,soudanienne,7.888677476237911,8.518190794062619,augmente,1,1,1,1
28.682088929996056,66.08863761306155,47.24379846661418,Argileux,Coton,12.271262084809255,0.6554947533475968,15.209941657090921,NPK_15_15_15,soudanienne,7.570271273170769,176.5211247457683,augmente,1,1,0,1
30.017843163150157,63.210805244815546,29.23463849620986,Limoneux,Arachide,17.460194798436685,0.38847012208695997,18.60991301381354,NPK_15_15_15,sahelienne,5.530468877529357,4.979498092702475,augmente,0,1,1,0
28.662855515444285,54.11824784991404,44.30985190140015,Sableux,Arachide,17.129930942935804,0.0,14.834918729104915,NPK_15_15_15,sahelienne,6.968386577844973,8.537197749470042,augmente,0,1,2,0
31.282364909452234,58.95087026714002,35.778478966455346,Limoneux,Coton,16.813190006444604,0.6161627323400485,18.175853790619776,NPK_15_15_15,sahelienne,7.180631250185534,68.42781349468981,augmente,1,1,1,0
32.082534873072035,60.34324115928203,52.92485774105139,Sableux,Mil,19.0495084862822,5.383782141668297,22.020456793381726,NPK_15_15_15,sahelienne,6.3193173917051775,71.76459746978337,augmente,3,1,2,0
24.750383128249624,52.83659953735601,36.67242082712811,Sableux,Coton,16.6384771469178,2.6648955361428524,14.306730876701279,NPK_15_15_15,sahelienne,6.578514259174463,50.66708654740715,augmente,1,1,2,0
30.04195194616563,68.21989473663511,47.455386138784995,Sableux,Sorgho,19.508252557705642,0.0,18.908863627602614,NPK_15_15_15,sahelienne,5.728428601403537,18.184192579081902,augmente,4,1,2,0
35.350771571512986,59.67411517805027,43.60427561867609,Sableux,Mais,19.261792348415174,5.526362921812087,20.2588437056414,NPK_15_15_15,sahelienne,6.900481385585583,18.407263363203164,augmente,2,1,2,0
27.73093392450526,54.33381215709798,40.11383857535231,Sableux,Coton,21.171839012780538,7.608017654846268,15.316540282594511,NPK_15_15_15,sahelienne,6.622719892921443,54.57811013647928,augmente,1,1,2,0
27.46526873449891,59.1370877959559,43.23390994525994,Limoneux,Mais,18.619636633201036,3.0934678006787375,4.019291405022962,NPK_15_15_15,soudanienne,7.55645933040358,32.571658327565544,augmente,2,1,1,1
27.349485096194023,51.09314123513168,52.29300655263112,Sableux,Arachide,20.024682946298487,1.8446818862761636,13.96111956019571,NPK_15_15_15,sahelienne,5.909534158985789,13.339645490074927,augmente,0,1,2,0
29.591212645614796,57.359738313176145,41.23404049876147,Limoneux,Coton,19.14294791099291,0.8942599371330673,23.33440652171829,NPK_15_15_15,sahelienne,6.697923368488604,9.615323315643094,augmente,1,1,1,0
29.46122115530194,57.70505939906333,47.52698151190936,Sableux,Coton,15.452678992467394,0.0,16.998482128369353,NPK_15_15_15,sahelienne,5.906872769455951,71.16811160995157,augmente,1,1,2,0
30.580237622801288,59.404814304249264,60.1191576418686,Limoneux,Sorgho,20.098632865378946,5.926650497571531,20.235046427026624,NPK_15_15_15,soudanienne,6.092390906470392,94.6875735676549,augmente,4,1,1,1
26.64386335300541,59.421272588285376,42.2542449017269,Sableux,Sorgho,18.235882770923368,3.0854946810434,17.971613280512138,NPK_15_15_15,soudanienne,5.748748535641539,158.21714430560598,augmente,4,1,2,1
28.440002665557998,69.15223992077497,31.708260383568458,Sableux,Arachide,14.35804138983494,5.63076954268508,18.501596697101526,NPK_15_15_15,sahelienne,5.732279153324258,25.366593391436048,augmente,0,1,2,0
31.871652129230434,57.24874080251462,52.166650353368716,Sableux,Sorgho,13.023694293598744,4.117560353417289,18.43580255716586,NPK_15_15_15,soudanienne,7.734724406805479,87.68186647185392,augmente,4,1,2,1
32.58583406356008,56.25555243157563,38.827901511175334,Limoneux,Mais,18.212805761034204,3.156072838181613,18.02449129350171,NPK_15_15_15,sahelienne,7.922106017745978,7.460389582829663,augmente,2,1,1,0
29.22002203409621,54.881910008395174,52.694462722994295,Argileux,Sorgho,11.857277456627564,0.0,14.416202130609792,NPK_15_15_15,soudanienne,7.634407755004943,132.28040662375662,augmente,4,1,0,1
32.405860248678756,59.114983511251545,65.66770556389113,Sableux,Mil,7.356345096082444,0.0,15.871701677472883,NPK_15_15_15,sahelienne,6.807890157860279,57.496315960157844,augmente,3,1,2,0
29.500128463980786,54.02783659776674,45.37585543951222,Sableux,Mil,20.328085883152713,2.9733860131542142,11.485835529760301,NPK_15_15_15,sahelienne,6.009484588249804,41.063486596759866,augmente,3,1,2,0
30.094081555090643,65.10528081413302,62.17002705888687,Limoneux,Sorgho,17.22242826377315,3.6538531902056595,18.998267591082566,NPK_15_15_15,soudanienne,7.894532956883395,170.0237736112224,augmente,4,1,1,1
30.332142001412468,56.24583411653967,35.9344764866829,Argileux,Mais,9.266469977828176,6.5340980788120415,9.921720109793526,NPK_15_15_15,soudanienne,7.348224071866093,91.5428102996465,augmente,2,1,0,1
30.918351828272208,58.71118518985742,30.341043792006538,Sableux,Coton,17.19275009743702,6.007963682367807,18.811752486175912,NPK_15_15_15,sahelienne,7.901199378902444,54.64399184236507,augmente,1,1,2,0
29.08152357034089,59.0636458657301,46.31449324144668,Limoneux,Mais,12.654795856149837,5.52323435579525,15.185341396976401,NPK_15_15_15,sahelienne,7.0817757749154815,6.144882211193643,augmente,2,1,1,0
31.135803122335457,53.03782538553684,59.90726621476109,Argileux,Mil,17.57761206554618,4.101026956941673,18.290873064757374,NPK_15_15_15,soudanienne,7.755293271605694,79.67106439318181,augmente,3,1,0,1
25.355201361655016,59.83715208122577,40.032227105206935,Argileux,Sorgho,8.413086372779967,3.7890658705945963,16.716875102983515,NPK_15_15_15,soudanienne,6.710920378356645,29.476653519469707,augmente,4,1,0,1
25.870951300400538,58.18854493538227,49.04693522127209,Sableux,Mais,19.237056253464495,5.157247519952042,18.373313969957067,NPK_15_15_15,soudanienne,7.247256429735358,144.19968400898077,augmente,2,1,2,1
31.636592595810114,53.864988049842395,50.5192790064292,Limoneux,Arachide,24.461103044093647,7.378855944546059,17.911384372933963,NPK_15_15_15,sahelienne,6.4281673102876775,40.46123538678444,augmente,0,1,1,0
28.018151258961954,64.6373013278291,51.48492575380738,Sableux,Arachide,22.557577222887428,4.475326188062306,20.122527566027717,NPK_15_15_15,soudanienne,6.236076944873636,126.80739468272174,augmente,0,1,2,1
28.20469629454914,49.91781239291269,38.341571227986044,Argileux,Mais,14.056926588608448,5.530444243565402,9.918418446318164,NPK_15_15_15,soudanienne,7.40430222773797,195.05990772997598,augmente,2,1,0,1
25.763152834741174,55.41877781702182,39.83378623850997,Sableux,Mil,11.74973813581582,0.0,14.340582798093063,NPK_15_15_15,sahelienne,7.292798713830731,36.58086436734565,augmente,3,1,2,0
28.913770712549795,65.27221186745149,48.222916762033876,Sableux,Arachide,16.868801377847376,0.0,16.534712715117212,NPK_15_15_15,sahelienne,6.54629096663171,7.856711123909088,augmente,0,1,2,0
31.062064874394174,59.35619710055084,35.83855484188426,Sableux,Mil,24.35041329089166,1.4736577242708284,18.220321439882852,NPK_15_15_15,soudanienne,5.700807764223834,76.36781931222534,augmente,3,1,2,1
28.01848334116416,58.560534219439525,50.1659030286153,Sableux,Mais,9.188332980197465,7.471090288978285,16.265125661547586,NPK_15_15_15,sahelienne,7.929126511548732,45.46440836758695,augmente,2,1,2,0
31.16264683978981,61.2390034919759,50.22493631291274,Limoneux,Mais,17.28689353766479,0.0,22.17070749074324,NPK_15_15_15,sahelienne,7.158610984097415,32.33886046715835,augmente,2,1,1,0
27.419138965305105,68.89897573207297,45.25167493101402,Argileux,Coton,16.821308650691957,0.0,11.77133868672049,NPK_15_15_15,soudanienne,5.524430578548703,163.97642625188954,augmente,1,1,0,1
24.381068258108833,61.46749031903478,50.630630461883584,Argileux,Coton,9.673053807231009,10.177676941490603,19.190797250896775,NPK_15_15_15,soudanienne,6.472651774046631,77.35404172059152,augmente,1,1,0,1
24.654555171213147,63.00341282441766,43.92804454903816,Sableux,Arachide,18.559540566318837,0.0,13.03251164838576,NPK_15_15_15,sahelienne,6.807980634021732,19.818893122809264,augmente,0,1,2,0
25.918957864523755,52.24105483400768,30.866368692799192,Sableux,Mais,14.014960595799531,3.8225704702265304,13.800243826445831,NPK_15_15_15,sahelienne,7.483803161600811,40.15185443221317,augmente,2,1,2,0
28.690390557352984,59.924912348481456,41.526420467335214,Limoneux,Coton,18.258781144381526,9.61770935910981,21.62199946825684,NPK_15_15_15,soudanienne,6.90262183841676,175.01179283378855,augmente,1,1,1,1
29.48832744545904,60.62159902796764,30.72665145597466,Limoneux,Arachide,14.592301638701917,8.803042447124275,13.197457318942297,NPK_15_15_15,soudanienne,6.988624828673242,101.18525089843409,augmente,0,1,1,1
31.537869814843052,56.238069841957,44.83379380188048,Limoneux,Sorgho,28.010339280415256,2.2656279756462467,15.224031588276976,NPK_15_15_15,soudanienne,6.7603712243207905,109.98421410393262,augmente,4,1,1,1
30.280463949568276,54.18353849359916,38.85017717702666,Argileux,Mais,20.80698399147881,0.0,11.413049327214422,NPK_15_15_15,soudanienne,5.534983525426156,138.68516041991924,augmente,2,1,0,1
27.862985958759936,54.01644810981529,46.568852180154096,Argileux,Mil,25.665917974904964,0.0,23.498416121446457,NPK_15_15_15,soudanienne,7.45260780269242,131.16687752348105,augmente,3,1,0,1
27.741173526273595,61.97081294798656,60.318397666280916,Sableux,Mais,9.416390082298722,0.0,18.85311799642821,NPK_15_15_15,soudanienne,6.0648817771331345,38.23660781946325,augmente,2,1,2,1
26.559506103171923,61.38187047469267,39.30211029510687,Limoneux,Sorgho,11.020809780616565,4.986233872211894,13.547145423996868,NPK_15_15_15,soudanienne,6.39793162639825,193.13778331207385,augmente,4,1,1,1
29.32741427926397,60.44911765030338,54.918123845452826,Sableux,Mais,12.866117040628355,5.334378655108537,7.085650533551156,NPK_15_15_15,soudanienne,6.689957637151368,47.031114001683406,augmente,2,1,2,1
29.15465819458781,64.55531327723017,33.330405214023074,Argileux,Mais,17.81311039084607,3.9452573697245237,17.222369125503345,NPK_15_15_15,soudanienne,5.902685445173672,140.79718437293266,augmente,2,1,0,1
31.886011583653918,53.364788168452016,43.91422420782203,Sableux,Mil,20.01118656625106,5.373206348579088,11.129107347598538,NPK_15_15_15,sahelienne,6.678967666147882,27.927758919526564,augmente,3,1,2,0
30.863679148239722,56.91085590197053,43.681100469815,Limoneux,Sorgho,5.4290580069152945,5.279278396403587,25.226133231062327,NPK_15_15_15,sahelienne,5.869108731592897,79.19385139365828,augmente,4,1,1,0
34.62622984687182,58.08029305214721,50.22985465966455,Argileux,Sorgho,4.746186737077345,0.35435112687979853,11.242768101427465,NPK_15_15_15,soudanienne,7.234315153656105,29.374375166641475,augmente,4,1,0,1
24.6545410548172,53.69980043266624,44.904284590694914,Argileux,Sorgho,16.685821966027206,0.0,12.955036411959227,NPK_15_15_15,soudanienne,6.296240783159696,189.32634919306756,augmente,4,1,0,1
25.82992700496408,57.5430633550331,37.960770183609974,Sableux,Coton,11.659546003475334,1.042830003419091,18.498885529203722,NPK_15_15_15,sahelienne,7.023653965026911,1.5301080498984287,augmente,1,1,2,0
27.910481671345778,61.46503614144022,41.711635960005815,Limoneux,Coton,13.299395342384734,6.918883774154661,6.365892548026192,NPK_15_15_15,sahelienne,7.22598334648421,47.292400369819134,augmente,1,1,1,0
29.51879852243049,45.45039452262954,61.166571777524766,Argileux,Sorgho,14.510443307102854,0.0,20.96930572937525,NPK_15_15_15,soudanienne,7.0117744847184795,186.87513592808415,augmente,4,1,0,1
29.4334683848663,59.09975877760742,41.93300407819581,Sableux,Arachide,23.88357373317581,6.332692815048285,24.089320907601305,NPK_15_15_15,sahelienne,5.850064223674714,6.020608104656464,augmente,0,1,2,0
26.823563447403437,50.772625690746985,58.00486453141984,Limoneux,Mais,19.97216229792429,2.686586283107266,27.178073261583613,NPK_15_15_15,sahelienne,7.596206726414561,44.38737522972864,augmente,2,1,1,0
33.53469331250891,61.83718326986439,43.5503701349135,Sableux,Coton,16.60889075090301,6.626232605525743,11.143839572723799,NPK_15_15_15,soudanienne,7.826759982981185,27.674172362727646,augmente,1,1,2,1
33.079430807430356,57.73970782805896,45.69586080224261,Argileux,Coton,17.899472404778574,0.0,17.43885219991138,NPK_15_15_15,soudanienne,7.284856778018444,98.82008315168788,augmente,1,1,0,1
27.53323423285881,57.141075739564016,46.24370287067312,Sableux,Coton,12.25670564017171,1.5490409278775727,22.203176371687466,NPK_15_15_15,sahelienne,6.388088793326257,55.257831538317504,augmente,1,1,2,0
28.184945031295435,65.2115368975976,52.755767097008594,Sableux,Coton,21.008225959403422,11.124315709004188,17.079695894840025,NPK_15_15_15,soudanienne,7.747027732568554,156.1830504309052,augmente,1,1,2,1
28.75103400782083,58.39305306832068,42.13604226198979,Sableux,Mais,12.180181087951148,3.188965242619669,22.099357120374584,NPK_15_15_15,sahelienne,6.75291657140793,8.449363620938879,augmente,2,1,2,0
31.537424718158935,51.84336610446529,50.94693478598341,Limoneux,Mais,20.363443324396847,0.0,7.813612336510483,NPK_15_15_15,sahelienne,7.487075654010817,12.707015630561251,augmente,2,1,1,0
30.76437512089264,63.06113432176239,33.56317668100663,Argileux,Sorgho,16.04352705439076,2.0607685421885114,18.012414261447397,NPK_15_15_15,soudanienne,5.8104004663695275,3.7460584120839746,augmente,4,1,0,1
29.102833163267462,63.582741124683565,38.390331935464005,Limoneux,Arachide,4.571432187921049,0.0,13.691410500210552,NPK_15_15_15,soudanienne,6.4222859333840505,73.89574472674664,augmente,0,1,1,1
25.53819913599823,61.27159484645836,60.74647740786267,Argileux,Arachide,16.930166029590595,0.7482000537715499,4.143850733586362,NPK_15_15_15,soudanienne,7.085220144035295,149.26123389752186,augmente,0,1,0,1
29.212092609843776,57.610458759106905,33.38082854599487,Sableux,Sorgho,13.379118088774455,11.096672951741008,14.702830106506378,NPK_15_15_15,sahelienne,7.556633647625922,41.811474650491924,augmente,4,1,2,0
27.252202365489623,63.20427255676766,46.14577917745558,Argileux,Coton,17.467780906872743,0.7527498078039083,11.844026236730027,NPK_15_15_15,soudanienne,5.981297179549495,12.281316628224337,augmente,1,1,0,1
29.164291816610366,57.89569311405826,35.22152315410074,Limoneux,Mil,16.41042573673575,5.965578317045322,17.910957366094745,NPK_15_15_15,soudanienne,6.822907752389156,113.89836770400194,augmente,3,1,1,1
34.04026671837293,55.25008896056733,46.214890631566064,Limoneux,Mais,13.56699087840305,3.8279658921793693,23.419956410384245,NPK_15_15_15,sahelienne,7.066258268165241,40.56023923969376,augmente,2,1,1,0
31.33399248403102,54.501348184922136,51.81689575290632,Limoneux,Mil,17.569852266869418,0.0,17.961615269407993,NPK_15_15_15,soudanienne,6.219722323449606,71.96640641851172,augmente,3,1,1,1
30.154320668111012,56.40981542740958,46.03662169343976,Limoneux,Coton,17.717738035712436,1.0319735883625263,19.722217418798063,NPK_15_15_15,soudanienne,6.452676691086055,83.46829465326515,augmente,1,1,1,1
30.10175052522563,51.88610797276976,33.777144439641205,Sableux,Coton,19.452541364443643,4.072996361101218,8.647893386141916,NPK_15_15_15,sahelienne,6.31669525952378,48.70936757033864,augmente,1,1,2,0
29.56769607855975,56.81579335546107,42.39673408860121,Argileux,Arachide,18.440135777365615,0.8064390733336373,16.889559607954183,NPK_15_15_15,soudanienne,6.8535734857624915,96.03468837191791,augmente,0,1,0,1
27.50377511746457,49.00880165052001,39.365013840938964,Limoneux,Mais,26.375469806530603,1.268127373445617,23.638354218827565,NPK_15_15_15,sahelienne,6.2590126177177305,1.8471698145760662,augmente,2,1,1,0
26.914408407300407,53.855944192268446,52.58947950493459,Limoneux,Sorgho,14.56146511161223,1.8455466817430257,14.794583165248667,NPK_15_15_15,sahelienne,6.936758009798719,9.42111938212948,augmente,4,1,1,0
26.600354626644638,55.48841038073659,53.07312312211879,Limoneux,Mil,12.194869568773704,3.516684120842765,17.883519521858258,NPK_15_15_15,sahelienne,6.988276879608625,24.910106952425906,augmente,3,1,1,0
30.680923987578886,53.970356391344005,39.3018173246783,Argileux,Mil,22.202421096159245,0.8150115251406944,19.578112526833458,NPK_15_15_15,soudanienne,7.9297642066291765,166.80845358533406,augmente,3,1,0,1
33.857050056354424,55.12261396533602,41.3762734150185,Sableux,Coton,15.184055135743606,3.0645843107297654,8.494509388164557,NPK_15_15_15,sahelienne,7.078842274356651,22.20955996955107,augmente,1,1,2,0
26.680574232925025,62.647843076851515,38.19312919474265,Sableux,Sorgho,23.515016313546294,0.0,24.93853446592362,NPK_15_15_15,soudanienne,7.928692675675684,53.196507875988374,augmente,4,1,2,1
31.869770199771384,60.411323785844644,41.192354504221825,Sableux,Mais,9.794204324782054,1.5533383959316729,11.854029721930996,NPK_15_15_15,sahelienne,5.906197883442259,21.53491521373498,augmente,2,1,2,0
30.742737046246685,55.32376422713389,49.63612582281941,Sableux,Mais,27.035449986430514,0.31557779366263317,14.324438012150937,NPK_15_15_15,sahelienne,7.191916353099101,9.174499390293613,augmente,2,1,2,0
31.100382675693947,46.47055756909614,35.81228701944871,Limoneux,Mais,14.2953931275025,0.0,11.133951507065383,NPK_15_15_15,sahelienne,6.084669359093441,34.340469967666955,augmente,2,1,1,0
28.196003517802705,62.296763026476654,40.64734834232255,Argileux,Arachide,16.13499931955308,3.3444454652573206,7.227851578307895,NPK_15_15_15,soudanienne,7.366047349343347,122.7029365435025,augmente,0,1,0,1
33.54298386306915,60.83874999114127,44.73294571663597,Sableux,Mais,16.5377853701483,2.7168591623001017,12.975094812391038,NPK_15_15_15,sahelienne,5.9160485948290065,12.164778222242587,augmente,2,1,2,0
30.29185702614338,60.24019948659897,57.31273763218785,Sableux,Arachide,15.401179703244107,0.37642826734023016,5.629998770333659,NPK_15_15_15,sahelienne,6.09369173751406,39.292253944836034,augmente,0,1,2,0
30.688506779158626,49.07143150636234,47.10173084778574,Limoneux,Sorgho,16.110037754057082,8.1178520732475,11.664046066438935,NPK_15_15_15,soudanienne,6.816034025987196,153.78264201825235,augmente,4,1,1,1
27.042566266534703,47.148814751922444,46.986527558714265,Sableux,Mil,17.247643192465997,4.717360953615291,17.922113874566637,NPK_15_15_15,sahelienne,5.642516486624231,72.25653343326316,augmente,3,1,2,0
24.930939152283443,52.17447379742973,42.967447793892184,Argileux,Mil,15.737997737805067,5.15872489603127,23.647015903145693,NPK_15_15_15,soudanienne,5.546388847674651,184.16131740156243,augmente,3,1,0,1
28.384716950288894,66.46786240049194,50.23946957046826,Argileux,Mil,21.934944060812796,0.3737435240144795,18.475197088616934,NPK_15_15_15,soudanienne,6.419223806340883,33.31325001688121,augmente,3,1,0,1
30.949454719860007,60.599699886218666,53.5521905593669,Argileux,Mais,18.5153809589798,4.868517562124406,27.147369062494093,NPK_15_15_15,soudanienne,6.665477590822346,175.80639437529422,augmente,2,1,0,1
27.033394231762728,64.46906681155664,28.686439039219827,Sableux,Arachide,22.157844689974812,10.225386833720801,9.580977968442667,NPK_15_15_15,sahelienne,6.570337111777736,60.877065420864696,augmente,0,1,2,0
32.23682913978397,57.7005650074173,42.554792938373936,Argileux,Coton,20.50167525303073,1.1835813632378445,12.87633410023545,NPK_15_15_15,soudanienne,6.397426074217521,159.35457211396908,augmente,1,1,0,1
28.14335647985556,58.265138396214795,42.58714710982874,Sableux,Mil,11.237712632078416,1.4664224814643938,16.671161525534195,NPK_15_15_15,sahelienne,6.847725362555619,43.16183548101197,augmente,3,1,2,0
27.417824472152734,60.45731616999467,37.73163022661679,Argileux,Mais,15.66602026654956,8.198699215712038,17.991788732518586,NPK_15_15_15,soudanienne,6.698380723039583,170.28700757149494,augmente,2,1,0,1
28.35094385976955,61.233777872658926,55.922864369368746,Limoneux,Coton,19.832169840621845,0.7748121516366746,16.244754798065895,NPK_15_15_15,soudanienne,7.401330505261091,138.40613903062265,augmente,1,1,1,1
30.26265450750518,53.91253862093824,33.74354099781949,Sableux,Mais,13.247249989689841,0.0,18.77843969357886,NPK_15_15_15,soudanienne,7.826848490906031,35.792363427000204,augmente,2,1,2,1
28.58547374406991,62.24851309717311,44.67341061621674,Limoneux,Sorgho,19.067715088812378,5.384733625656903,17.54012449687284,NPK_15_15_15,sahelienne,6.324569573562198,38.07807749277969,augmente,4,1,1,0
31.86226533010002,60.3693514128573,47.86259672454364,Argileux,Mais,16.845281694021054,3.1258863998671265,15.611128622877041,NPK_15_15_15,soudanienne,7.277189068958856,125.17322192307361,augmente,2,1,0,1
32.480090226874324,62.35136413471046,45.1647321138759,Limoneux,Mais,25.187593135159943,1.0660078449931851,19.560345765360623,NPK_15_15_15,sahelienne,6.622316773172236,67.56451005697282,augmente,2,1,1,0
30.330382426427466,61.152725586272744,46.78061981035465,Limoneux,Mil,18.737406507160994,4.291112401666403,13.195896020463561,NPK_15_15_15,sahelienne,6.5638291120022085,35.42866476635353,augmente,3,1,1,0
26.493321976878054,61.10477474733414,46.396451514645776,Argileux,Coton,23.522253371722087,4.501495472253259,18.597652044004764,NPK_15_15_15,soudanienne,7.5769818070976855,173.7666945403215,augmente,1,1,0,1
28.895677259778846,52.61163910204444,54.06250087509625,Argileux,Coton,18.068331668867536,6.86090314534151,13.794354215523205,NPK_15_15_15,soudanienne,6.669440662465087,182.35490940482856,augmente,1,1,0,1
28.56553166084311,58.11667011874168,47.66992763939155,Sableux,Arachide,10.056183825574598,0.0,12.61351045328646,NPK_15_15_15,sahelienne,5.819514606988032,43.76313148965248,augmente,0,1,2,0
28.124626302732167,53.96061389311395,46.38130376224805,Sableux,Arachide,11.532691965820913,3.3676898437844107,15.621229934940382,NPK_15_15_15,sahelienne,6.283319580378289,12.756807822941374,augmente,0,1,2,0
28.69003222707442,61.42727478642722,42.91023369185585,Limoneux,Coton,16.626548058883895,0.0,14.583229686178823,NPK_15_15_15,soudanienne,7.310481116635387,174.38279775172728,augmente,1,1,1,1
26.820571618879235,57.76335474906855,45.598638663863056,Argileux,Arachide,9.024677027127833,7.722185122364573,18.39529882908115,NPK_15_15_15,soudanienne,7.309198420232019,86.38668467269532,augmente,0,1,0,1
28.702671377676424,52.070423222627205,35.322946548055626,Limoneux,Sorgho,22.71135240943085,0.0,17.454969045649833,NPK_15_15_15,sahelienne,7.3168901434955895,4.237312448776809,augmente,4,1,1,0
31.501544359094606,57.12163914025584,51.67439109099158,Sableux,Mais,21.611169044202093,0.0,21.213629684477503,NPK_15_15_15,sahelienne,5.9160801916561425,34.57338041391887,augmente,2,1,2,0
31.579089063892745,60.2984573441341,49.17467046333764,Sableux,Arachide,21.42202846387502,0.0,21.018078258753718,NPK_15_15_15,sahelienne,7.205457915381945,78.68786631025232,augmente,0,1,2,0
30.394032553507518,64.56014142762395,34.59834002295542,Argileux,Mil,21.28836599340287,0.0,15.164320026380778,NPK_15_15_15,soudanienne,6.324825052106187,21.515740542772544,augmente,3,1,0,1
26.375605046148884,54.57377687206939,37.80581254309639,Limoneux,Mais,13.644438273244312,0.998614031097363,22.06312238192287,NPK_15_15_15,soudanienne,6.936773007168938,153.74584560241627,augmente,2,1,1,1
24.58936652453736,59.57177875239892,58.387260970101195,Sableux,Mil,21.009152647925312,1.8752620087723186,19.084151707393836,NPK_15_15_15,sahelienne,7.465326056155455,14.712964098626005,augmente,3,1,2,0
29.64831636327429,59.13638873547899,39.29198501264297,Argileux,Coton,11.34320466210115,7.343935512402684,13.866988961375995,NPK_15_15_15,soudanienne,6.420174263043247,166.3442240559836,augmente,1,1,0,1
31.03698891804784,54.846446356271954,39.287611437009126,Limoneux,Mil,24.593525453882002,1.9749533118676919,18.977719827514257,NPK_15_15_15,soudanienne,6.97503117068424,63.827903106838654,augmente,3,1,1,1
27.092776347560182,50.04844230471709,53.51213164504313,Sableux,Mais,12.502583531300353,0.2715887321452608,14.279383712722764,NPK_15_15_15,sahelienne,5.551654628983579,23.240259775889527,augmente,2,1,2,0
28.02643302082402,58.69426589187246,40.03717385780431,Argileux,Mil,11.796622436373529,3.0587329248762174,13.833982493106674,NPK_15_15_15,soudanienne,6.658508868465086,19.77816799646339,augmente,3,1,0,1
27.309184162343662,64.26785448710332,46.13920931564473,Argileux,Mais,12.949107544730124,6.694542311840278,9.318584613690918,NPK_15_15_15,soudanienne,7.14589273046324,17.935651331876024,augmente,2,1,0,1
32.01246058077624,53.83469465768985,47.72188765218468,Sableux,Coton,24.90135322710033,0.0,18.929643484357165,NPK_15_15_15,sahelienne,6.36532135017897,57.558151454117166,augmente,1,1,2,0
32.22916975488932,57.06597553823454,45.36580740948946,Limoneux,Arachide,16.259202506539687,0.0,16.78289024284059,NPK_15_15_15,soudanienne,7.804494391258772,74.37959811498824,augmente,0,1,1,1
32.73979319938394,55.80445141668178,40.609640008857276,Limoneux,Arachide,14.27407722879379,3.1072803810155163,19.131227468910748,NPK_15_15_15,sahelienne,7.6758189842617295,52.36612113393108,augmente,0,1,1,0
28.341541697394117,51.239056811838765,42.77787785155092,Limoneux,Coton,7.952829684384348,1.656517293851612,20.046781374646137,NPK_15_15_15,soudanienne,7.8365134701931325,11.133229211239826,augmente,1,1,1,1
31.120393776921368,54.28203680221556,37.13009583102687,Limoneux,Mil,14.278987988230444,0.0,20.315925604263047,NPK_15_15_15,soudanienne,6.267801737180152,34.363235660255384,augmente,3,1,1,1
24.22141795875518,59.84518596865564,43.223147485895616,Sableux,Arachide,16.523679693794424,8.685709389569967,12.1039170905802,NPK_15_15_15,sahelienne,7.420224763047851,30.735132164318408,augmente,0,1,2,0
33.39411980948606,59.750006661241855,49.169385568317814,Sableux,Sorgho,22.867358020522012,1.8168311006286633,16.230420354327226,NPK_15_15_15,soudanienne,7.4464546218016086,53.29338824184053,augmente,4,1,2,1
26.255273924208048,54.29002443083436,41.808585857677414,Sableux,Sorgho,17.30117703586772,0.0,16.15790309683315,NPK_15_15_15,sahelienne,6.307094444328275,75.33558652013275,augmente,4,1,2,0
32.91597844558996,65.61175015245132,52.013840977116224,Sableux,Coton,18.53210537788676,6.529866315038269,19.817711097246452,NPK_15_15_15,sahelienne,7.122064691251535,17.44131988255509,augmente,1,1,2,0
29.3311158051682,61.82752427805423,51.66203555666292,Argileux,Arachide,22.75610455373266,0.0,14.797237142927193,NPK_15_15_15,soudanienne,5.912871780274936,44.78162630822287,augmente,0,1,0,1
28.062062441512882,58.983436585895106,44.44825554316469,Limoneux,Coton,8.88553015806935,7.980925982130479,20.429446281094172,NPK_15_15_15,sahelienne,6.973608051510622,4.051626115498106,augmente,1,1,1,0
29.25937869499288,60.34010649748359,40.15325138280241,Limoneux,Mil,22.00804484789097,0.0,18.242098202524062,NPK_15_15_15,soudanienne,7.272142783010686,114.25236568852388,augmente,3,1,1,1
25.054406143841216,51.418399637782464,32.24786288600062,Limoneux,Mil,11.619381553871742,5.275264843790104,22.33790325924121,NPK_15_15_15,soudanienne,5.832716597931993,150.0988768990193,augmente,3,1,1,1
28.630849976031747,52.69371507881392,42.096261960612395,Sableux,Mil,22.652101845047152,0.0,22.23534319861073,NPK_15_15_15,sahelienne,7.941039060684572,57.41538484330658,augmente,3,1,2,0
28.83519094710409,66.43575446946642,49.864248958755304,Limoneux,Sorgho,10.240297013929037,1.3515999692595806,11.181528242472904,NPK_15_15_15,soudanienne,5.656085710070027,37.028177008407106,augmente,4,1,1,1
28.50835491952001,53.430123422889515,46.729463299999345,Argileux,Mil,16.200138592028097,0.0,17.121284732100627,NPK_15_15_15,soudanienne,6.43499841756399,113.67100919732414,augmente,3,1,0,1
32.3484322686435,61.71714384055633,42.947797654071515,Limoneux,Mais,17.013168510082114,0.0,15.207033461983565,NPK_15_15_15,soudanienne,6.940463531268181,52.38197837507788,augmente,2,1,1,1
34.74186421653894,55.249407352431305,36.45054970163811,Argileux,Mil,18.042309258403797,4.482493766386181,7.342345323998469,NPK_15_15_15,soudanienne,7.434901999558026,176.45390331390027,augmente,3,1,0,1
27.233617178982115,64.03916717685836,37.86501878691757,Argileux,Arachide,17.670556683144078,11.427863135947062,17.69921966421174,NPK_15_15_15,soudanienne,6.513678682217447,153.9716011357787,augmente,0,1,0,1
35.118200640286545,55.85504014894044,53.47118330010468,Sableux,Sorgho,15.683994900326244,0.0,8.447020770360583,NPK_15_15_15,sahelienne,7.2932478792188355,18.607487918060723,augmente,4,1,2,0
29.891376125354455,56.954030336676794,46.49173342935376,Argileux,Mil,14.318100348401927,0.0,15.715191463678341,NPK_15_15_15,soudanienne,5.977422244398124,134.5022738594812,augmente,3,1,0,1
34.08139059842715,62.4032419316719,36.54726143050604,Argileux,Mais,7.262788090391616,0.25175260803451405,16.503179565162636,NPK_15_15_15,soudanienne,7.449789447763525,99.70149330482027,augmente,2,1,0,1
28.777185678658547,57.911269557777985,53.8745815103646,Sableux,Mil,14.614946860005823,10.50983246419602,20.725834005013184,NPK_15_15_15,sahelienne,6.7255071355140705,79.53390333453875,augmente,3,1,2,0
32.43024261262709,56.52289439612335,36.89185720480595,Limoneux,Mais,18.607603451857308,3.174692290806636,18.655998225906455,NPK_15_15_15,soudanienne,5.847104106369963,149.9242311127286,augmente,2,1,1,1
28.253770288854906,54.451396562491894,48.24090011011568,Argileux,Mil,10.941520143950942,2.4936906903138865,12.612118517735539,NPK_15_15_15,soudanienne,7.255283875429214,91.86089579825779,augmente,3,1,0,1
30.786619811154008,62.000608339067156,54.17421901075705,Sableux,Sorgho,21.951161433480046,0.0,13.258718569115311,NPK_15_15_15,sahelienne,7.370302000277316,12.60722577251749,augmente,4,1,2,0
26.090727822549134,53.639330497624236,45.03872239347221,Sableux,Coton,19.601285375040575,5.781193819278277,12.301128115362003,NPK_15_15_15,sahelienne,7.106736041370125,50.617209944079335,augmente,1,1,2,0
33.57897060571657,60.157657037573735,55.31996464707582,Limoneux,Sorgho,16.753030736157307,5.53771874573671,9.867730702543223,NPK_15_15_15,soudanienne,6.736288642395796,75.42341283433605,augmente,4,1,1,1
29.245654653471757,55.42708223707804,46.76532407574729,Argileux,Coton,11.844785590127996,10.78151437288504,18.484409195121476,NPK_15_15_15,soudanienne,6.030325177176527,145.29311075870626,augmente,1,1,0,1
24.613444056134504,56.29421903889023,63.090687488107434,Argileux,Coton,20.580005776141046,6.474243850933766,17.93619372453378,NPK_15_15_15,soudanienne,7.567946766645032,170.12010966031136,augmente,1,1,0,1
29.124391476088217,52.66665112837717,44.32638818001135,Limoneux,Coton,21.69584337690894,0.7501043664498754,9.345389810794718,NPK_15_15_15,sahelienne,7.229073726496997,20.852703875796344,augmente,1,1,1,0
30.930637279392275,59.92532131823685,44.965345477622755,Argileux,Arachide,19.02612259039437,7.580163125579851,18.089093235739707,NPK_15_15_15,soudanienne,5.978987374211058,80.28763239977299,augmente,0,1,0,1
29.976401651047773,57.72214835102489,46.038118020063614,Limoneux,Coton,27.02015326667916,5.75138368452059,15.75200672473209,NPK_15_15_15,sahelienne,7.629590646904751,40.46665437252819,augmente,1,1,1,0
27.178311535145525,54.36576474492924,45.971457912484034,Sableux,Mil,21.234782401483947,4.9789947779871815,18.393151850265745,NPK_15_15_15,sahelienne,5.782897516474191,57.94855478638685,augmente,3,1,2,0
32.263517072657734,44.746750014412044,54.6251764377927,Limoneux,Sorgho,19.88685246820524,0.0,20.314448788656833,NPK_15_15_15,soudanienne,6.4945389878056465,66.17036097452899,augmente,4,1,1,1
26.608028541594834,57.265884929723455,40.09825724189571,Limoneux,Arachide,21.146885350377737,0.7332946806179486,21.082562985487197,NPK_15_15_15,soudanienne,6.358075437418878,193.41108064566203,augmente,0,1,1,1
28.81104538956116,63.1942949420321,44.23319786628182,Sableux,Arachide,17.89999392505389,9.835966835283585,15.580987008826897,NPK_15_15_15,soudanienne,7.65491689039277,185.635187813247,augmente,0,1,2,1
31.218557638816293,48.583463901790196,44.47042291823462,Argileux,Coton,8.405306624233328,0.9181293390044967,15.283970134125632,NPK_15_15_15,soudanienne,7.157094000726825,5.102709772953928,augmente,1,1,0,1
30.50372465867131,59.425721086858566,40.12811240221909,Sableux,Arachide,11.521748906638015,0.590333519832209,8.739993476806905,NPK_15_15_15,sahelienne,6.043542085638141,22.00614281103384,augmente,0,1,2,0
30.130162776385266,51.168979231850834,53.6647877167498,Limoneux,Mais,7.832028958391497,0.0,17.101277881915028,NPK_15_15_15,soudanienne,7.2516808621154,118.96607547179734,augmente,2,1,1,1
31.015452267200743,60.682373287664035,48.98568876869113,Limoneux,Mil,8.196113144221,5.200699769308265,12.847977145484283,NPK_15_15_15,soudanienne,7.555362198925932,38.49615355408433,augmente,3,1,1,1
29.872687197411782,63.98512952590822,48.02525767748045,Limoneux,Arachide,17.96541879569609,5.714606713099723,15.979589772757896,NPK_15_15_15,soudanienne,7.340974475125112,22.97661821575778,augmente,0,1,1,1
32.455499472611685,50.90815904065674,40.11715094057883,Limoneux,Mil,16.549725174814537,4.135671572810288,15.00411567003315,NPK_15_15_15,soudanienne,7.545593217548074,51.26834566945158,augmente,3,1,1,1
29.039254027744022,53.95660976371229,44.00175287960551,Limoneux,Mil,18.53377010261887,2.8653145327133984,15.419901742115997,NPK_15_15_15,sahelienne,6.154475002756769,17.930574372806298,augmente,3,1,1,0
31.041542446942124,64.49783886702977,51.211353027420444,Argileux,Coton,14.475657676205557,0.0,17.338266052755515,NPK_15_15_15,soudanienne,7.572055642763455,128.5279341330053,augmente,1,1,0,1
29.527018207714253,57.34249682572839,40.21319363379522,Limoneux,Coton,19.359528945228547,0.9123856826876977,19.785332987812417,NPK_15_15_15,sahelienne,7.86951254590617,75.32289968307941,augmente,1,1,1,0
30.47177899365,58.088629773971924,44.267385182821386,Argileux,Mil,25.61796130860433,5.889925819009404,17.501394602297122,NPK_15_15_15,soudanienne,7.214191590834235,11.477694921418147,augmente,3,1,0,1
24.62531854615739,60.3634098857289,30.78952234782123,Sableux,Mil,22.558595183040957,0.2123324386959724,13.269420098982575,NPK_15_15_15,sahelienne,5.6465717510564595,59.663816273497936,augmente,3,1,2,0
26.66034838921013,65.6236150825055,33.979159631790814,Limoneux,Sorgho,14.68340285203461,2.184044063240092,21.5076723938681,NPK_15_15_15,soudanienne,6.330448124758283,143.32125511301,augmente,4,1,1,1
28.90104812530825,62.44796679056059,33.943420615177956,Argileux,Arachide,14.831168034561372,0.0,29.005820450781773,NPK_15_15_15,soudanienne,7.112711258824574,22.752344342175324,augmente,0,1,0,1
29.25496650686024,63.53661139125947,42.1180613739042,Limoneux,Arachide,20.335449491997444,2.3226570916449463,14.742474921633047,NPK_15_15_15,soudanienne,7.45015230804542,49.95380257186306,augmente,0,1,1,1
